T,rho,p0,p1,pole1,pole2,delta_real,delta_imag,stokes_angle
6.999999999999999556e-01,-9.000000000000000222e-01,-3.590610103026843358e+00,-1.015709995999718451e+01,-7.874748345304094954e+00,-3.777619011669839466e+01,4.396546837871763813e+00,2.482246047280824541e+00,5.139756409194864428e-01
6.999999999999999556e-01,-8.709523809523809224e-01,-3.634233432438403355e+00,-1.028143064054388667e+01,-7.963297162894343195e+00,-3.600170803289865518e+01,4.378886871840217410e+00,2.482246047280824097e+00,5.157005623745665179e-01
6.999999999999999556e-01,-8.419047619047619335e-01,-3.679063789796701123e+00,-1.040940172898310934e+01,-8.054196971822378259e+00,-3.463138458306187317e+01,4.360945942083408688e+00,2.482246047280824541e+00,5.174637423765130473e-01
6.999999999999999556e-01,-8.128571428571428337e-01,-3.725154686294747108e+00,-1.054119172296926266e+01,-8.147548608001297765e+00,-3.354070066192865340e+01,4.342714219563934996e+00,2.482246047280824097e+00,5.192667613068736587e-01
6.999999999999999556e-01,-7.838095238095238448e-01,-3.772562931957114785e+00,-1.067699209408715966e+01,-8.243458947899524603e+00,-3.265425407390537060e+01,4.324181291923795634e+00,2.482246047280824097e+00,5.211113006718860463e-01
6.999999999999999556e-01,-7.547619047619047450e-01,-3.821348898148039464e+00,-1.081700861648190504e+01,-8.342041376855378942e+00,-3.192319538309510207e+01,4.305336110893431822e+00,2.482246047280824097e+00,5.229991523609127668e-01
6.999999999999999556e-01,-7.257142857142857562e-01,-3.871576805848360614e+00,-1.096146288361007848e+01,-8.443416302257480410e+00,-3.131423539880916707e+01,4.286166932971483767e+00,2.482246047280824097e+00,5.249322290646426525e-01
6.999999999999999556e-01,-6.966666666666666563e-01,-3.923315042122674789e+00,-1.111059404387831151e+01,-8.547711716715129526e+00,-3.080378091761982517e+01,4.266661252217128109e+00,2.482246047280824097e+00,5.269125760452950669e-01
6.999999999999999556e-01,-6.676190476190476675e-01,-3.976636509560177224e+00,-1.126466080356492228e+01,-8.655063817052518260e+00,-3.037458096821745457e+01,4.246805723740284755e+00,2.482246047280824541e+00,5.289423844919978190e-01
6.999999999999999556e-01,-6.385714285714285676e-01,-4.031619011146220011e+00,-1.142394374912251998e+01,-8.765617685754770960e+00,-3.001370012776956742e+01,4.226586076148019622e+00,2.482246047280824541e+00,5.310240067462848046e-01
6.999999999999999556e-01,-6.095238095238095788e-01,-4.088345675857140371e+00,-1.158874805973329991e+01,-8.879528042413893374e+00,-2.971123766449786530e+01,4.205987010784262736e+00,2.482246047280823653e+00,5.331599737488660340e-01
6.999999999999999556e-01,-5.804761904761904789e-01,-4.146905430052829189e+00,-1.175940669872110078e+01,-8.996960073794671331e+00,-2.945948740817462763e+01,4.184992085051864485e+00,2.482246047280824097e+00,5.353530151443046670e-01
6.999999999999999556e-01,-5.514285714285713791e-01,-4.207393519818358740e+00,-1.193628420050955619e+01,-9.118090352380052721e+00,-2.925236921156714232e+01,4.163583576384615625e+00,2.482246047280824097e+00,5.376060825918856922e-01
6.999999999999999556e-01,-5.223809523809523903e-01,-4.269912092265685466e+00,-1.211978120641953893e+01,-9.243107854708721760e+00,-2.908503385029410637e+01,4.141742322475049143e+00,2.482246047280824541e+00,5.399223769786389848e-01
6.999999999999999556e-01,-4.933333333333333459e-01,-4.334570841903383709e+00,-1.231033995357629429e+01,-9.372215092511689605e+00,-2.895358214199424296e+01,4.119447532064488549e+00,2.482246047280824541e+00,5.423053804283999302e-01
6.999999999999999556e-01,-4.642857142857143016e-01,-4.401487732849654222e+00,-1.250845099645802350e+01,-9.505629371644159775e+00,-2.885486133956553800e+01,4.096676558819458691e+00,2.482246047280824097e+00,5.447588942701128145e-01
6.999999999999999556e-01,-4.352380952380952572e-01,-4.470789805349802748e+00,-1.271466154634221724e+01,-9.643584196148497156e+00,-2.878631506847451149e+01,4.073404628333301858e+00,2.482246047280824541e+00,5.472870845010765484e-01
6.999999999999999556e-01,-4.061904761904762129e-01,-4.542614080657219056e+00,-1.292958597588855874e+01,-9.786330837545117234e+00,-2.874587117398288072e+01,4.049604504762271517e+00,2.482246047280824097e+00,5.498945368055666583e-01
6.999999999999999556e-01,-3.771428571428571130e-01,-4.617108576832426259e+00,-1.315391927488465562e+01,-9.934140092716623016e+00,-2.873185694530145184e+01,4.025246078489596258e+00,2.482246047280824097e+00,5.525863239436457075e-01
6.999999999999999556e-01,-3.480952380952381242e-01,-4.694433452465222700e+00,-1.338845462842715150e+01,-1.008730425763316596e+01,-2.874293448088461389e+01,4.000295848623760975e+00,2.482246047280824097e+00,5.553680894346874064e-01
6.999999999999999556e-01,-3.190476190476190244e-01,-4.774762298155625473e+00,-1.363410689813775356e+01,-1.024613934879491772e+01,-2.877805113912390311e+01,3.974716262589550020e+00,2.482246047280824097e+00,5.582461531354263595e-01
6.999999999999999556e-01,-2.900000000000000355e-01,-4.858283597808263465e+00,-1.389194481312658702e+01,-1.041098760980443494e+01,-2.883640149143174725e+01,3.948464856965538505e+00,2.482246047280824097e+00,5.612276469176176175e-01
6.999999999999999556e-01,-2.609523809523809357e-01,-4.945202386987453735e+00,-1.416323646073024811e+01,-1.058222034713072368e+01,-2.891739820945535300e+01,3.921493114349775766e+00,2.482246047280824097e+00,5.643206928428790015e-01
6.999999999999999556e-01,-2.319047619047619468e-01,-5.035742140159597646e+00,-1.444951591334344521e+01,-1.076024114714353352e+01,-2.902065003105501262e+01,3.893744901441777095e+00,2.482246047280824097e+00,5.675346432541985564e-01
6.999999999999999556e-01,-2.028571428571428470e-01,-5.130146925192049068e+00,-1.475268509219391433e+01,-1.094548953620186893e+01,-2.914594546077494286e+01,3.865154265729361605e+00,2.482246047280824097e+00,5.708804145352652792e-01
6.999999999999999556e-01,-1.738095238095238582e-01,-5.228683869915918159e+00,-1.507517787699513434e+01,-1.113844515738169250e+01,-2.929324123463889151e+01,3.835642203578707665e+00,2.482246047280824097e+00,5.743709692205324346e-01
6.999999999999999556e-01,-1.447619047619047583e-01,-5.331645995662105619e+00,-1.542024239618485915e+01,-1.133963255183861030e+01,-2.946265486021921021e+01,3.805111681387595812e+00,2.482246047280824097e+00,5.780220469046004617e-01
6.999999999999999556e-01,-1.157142857142857695e-01,-5.439355483741485031e+00,-1.579246955356494375e+01,-1.154962665051620085e+01,-2.965446076000388587e+01,3.773439462532179878e+00,2.482246047280824097e+00,5.818533443279024775e-01
6.999999999999999556e-01,-8.666666666666666963e-02,-5.552167453780268325e+00,-1.619890321450304072e+01,-1.176905910363709751e+01,-2.986908972094503056e+01,3.740461484885066579e+00,2.482246047280824097e+00,5.858905908310833022e-01
6.999999999999999556e-01,-5.761904761904768080e-02,-5.670474351857185624e+00,-1.665179886493437067e+01,-1.199862560264203104e+01,-3.010713149985952342e+01,3.705943227273071461e+00,2.482246047280824097e+00,5.901696807410106160e-01
6.999999999999999556e-01,-2.857142857142858094e-02,-5.794711065475927292e+00,-1.717768540290461488e+01,-1.223909438273415518e+01,-3.036934056552376049e+01,3.669506221872743890e+00,2.482246047280824097e+00,5.947467337851033431e-01
6.999999999999999556e-01,4.761904761904078853e-04,-5.925360913007632568e+00,-1.787397373891840147e+01,-1.249131613663964124e+01,-3.065664508296993063e+01,3.630349573876316072e+00,2.482246047280824097e+00,5.997354393740924605e-01
8.249999999999999556e-01,-9.000000000000000222e-01,-3.097912608749811447e+00,-8.713638448283893112e+00,-6.894224098734944128e+00,-3.070242287135755177e+01,3.658920569705822246e+00,2.482246047280824097e+00,5.960881779359077370e-01
8.249999999999999556e-01,-8.709523809523809224e-01,-3.135627374519787125e+00,-8.820644513942829334e+00,-6.972761726775495994e+00,-2.945542152577962725e+01,3.642178493021283270e+00,2.482246047280824097e+00,5.982206655116691918e-01
8.249999999999999556e-01,-8.419047619047619335e-01,-3.174382278683395509e+00,-8.930780455569264475e+00,-7.053401783244044765e+00,-2.847867512454243411e+01,3.625151808898216199e+00,2.482246047280824097e+00,6.004031784119455706e-01
8.249999999999999556e-01,-8.128571428571428337e-01,-3.214223252998054114e+00,-9.044199028652224470e+00,-7.136235021807094014e+00,-2.769394959498661635e+01,3.607830188965210017e+00,2.482246047280824097e+00,6.026378657200568423e-01
8.249999999999999556e-01,-7.838095238095238448e-01,-3.255199050059376820e+00,-9.161063994721033055e+00,-7.221357661965712715e+00,-2.705238231185539988e+01,3.590202688802309527e+00,2.482246047280824097e+00,6.049270166083214884e-01
8.249999999999999556e-01,-7.547619047619047450e-01,-3.297361466895998738e+00,-9.281551231045300554e+00,-7.308871814813134193e+00,-2.652156671489414208e+01,3.572257693681332835e+00,2.482246047280824097e+00,6.072730731129496462e-01
8.249999999999999556e-01,-7.257142857142857562e-01,-3.340765590421663767e+00,-9.405849996204446839e+00,-7.398885949737241674e+00,-2.607900884771310501e+01,3.553982857644667703e+00,2.482246047280823653e+00,6.096786444711269626e-01
8.249999999999999556e-01,-6.966666666666666563e-01,-3.385470067379258818e+00,-9.534164376961951959e+00,-7.491515406779552855e+00,-2.570852923071837637e+01,3.535365034828084951e+00,2.482246047280824097e+00,6.121465232697655967e-01
8.249999999999999556e-01,-6.676190476190476675e-01,-3.431537401083148531e+00,-9.666714951807655609e+00,-7.586882959996690268e+00,-2.539815457753909200e+01,3.516390201700751561e+00,2.482246047280823653e+00,6.146797037063262970e-01
8.249999999999999556e-01,-6.385714285714285676e-01,-3.479034279513946615e+00,-9.803740715436489950e+00,-7.685119437902905304e+00,-2.513881809300089998e+01,3.497043368601500113e+00,2.482246047280824541e+00,6.172814023260639882e-01
8.249999999999999556e-01,-6.095238095238095788e-01,-3.528031937124598283e+00,-9.945501319453123656e+00,-7.786364407920290276e+00,-2.492352422035846260e+01,3.477308478574430595e+00,2.482246047280823653e+00,6.199550816810729392e-01
8.249999999999999556e-01,-5.804761904761904789e-01,-3.578606555691215885e+00,-1.009227970043870393e+01,-7.890766932747682816e+00,-2.474679294677515173e+01,3.457168291021274875e+00,2.482246047280824097e+00,6.227044774602750188e-01
8.249999999999999556e-01,-5.514285714285713791e-01,-3.630839708551074185e+00,-1.024438518722788061e+01,-7.998486407704655576e+00,-2.460427913189141691e+01,3.436604247053585581e+00,2.482246047280824097e+00,6.255336297737714712e-01
8.249999999999999556e-01,-5.223809523809523903e-01,-3.684818854313740122e+00,-1.040215720808294186e+01,-8.109693489443346337e+00,-2.449250516222389606e+01,3.415596312588587757e+00,2.482246047280824097e+00,6.284469194509795242e-01
8.249999999999999556e-01,-4.933333333333333459e-01,-3.740637886401241285e+00,-1.056596975829321927e+01,-8.224571127984654950e+00,-2.440866915650464719e+01,3.394122794107597318e+00,2.482246047280824097e+00,6.314491104456111392e-01
8.249999999999999556e-01,-4.642857142857143016e-01,-3.798397745566037820e+00,-1.073623684543187728e+01,-8.343315715870113891e+00,-2.435050484943755578e+01,3.372160120465034883e+00,2.482246047280824541e+00,6.345453997553885950e-01
8.249999999999999556e-01,-4.352380952380952572e-01,-3.858207105603938203e+00,-1.091341921176586816e+01,-8.466138370380395628e+00,-2.431617764530834691e+01,3.349682582018849608e+00,2.482246047280824097e+00,6.377414766954832004e-01
8.249999999999999556e-01,-4.061904761904762129e-01,-3.920183139985306653e+00,-1.109803275389628752e+01,-8.593266367321119148e+00,-2.430420652055894948e+01,3.326662015371243175e+00,2.482246047280824097e+00,6.410435939657026516e-01
8.249999999999999556e-01,-3.771428571428571130e-01,-3.984452384332465957e+00,-1.129065924380542896e+01,-8.724944747896794084e+00,-2.431340476007449780e+01,3.303067417723674737e+00,2.482246047280824097e+00,6.444586538063661330e-01
8.249999999999999556e-01,-3.480952380952381242e-01,-4.051151705650045898e+00,-1.149196023936038991e+01,-8.861438123783074161e+00,-2.434283467031815107e+01,3.278864468552122879e+00,2.482246047280824097e+00,6.479943137816109866e-01
8.249999999999999556e-01,-3.190476190476190244e-01,-4.120429396814820677e+00,-1.170269552870986196e+01,-9.003032709788540089e+00,-2.439177285379469140e+01,3.254014926813201480e+00,2.482246047280824097e+00,6.516591185851010604e-01
8.249999999999999556e-01,-2.900000000000000355e-01,-4.192446414622761353e+00,-1.192374820777245326e+01,-9.150038618621621822e+00,-2.445968361112633715e+01,3.228475857154382123e+00,2.482246047280824097e+00,6.554626671150454165e-01
8.249999999999999556e-01,-2.609523809523809357e-01,-4.267377783414740833e+00,-1.215615978876914660e+01,-9.302792458435982681e+00,-2.454619872035632611e+01,3.202198614953577938e+00,2.482246047280824097e+00,6.594158285960766142e-01
8.249999999999999556e-01,-2.319047619047619468e-01,-4.345414192849811563e+00,-1.240118107989759011e+01,-9.461660281252079585e+00,-2.465110232687965564e+01,3.175127480566617422e+00,2.482246047280824097e+00,6.635310290085687512e-01
8.249999999999999556e-01,-2.028571428571428470e-01,-4.426763819855991322e+00,-1.266034902444813426e+01,-9.627040939383727292e+00,-2.477432002834608582e+01,3.147197764280710963e+00,2.482246047280823653e+00,6.678226420258637219e-01
8.249999999999999556e-01,-1.738095238095238582e-01,-4.511654414013271719e+00,-1.293560870706701849e+01,-9.799369917835333510e+00,-2.491591149815812045e+01,3.118333076404089077e+00,2.482246047280824097e+00,6.723075423031754649e-01
8.249999999999999556e-01,-1.447619047619047583e-01,-4.600335692224795991e+00,-1.322951952341177240e+01,-9.979123724241359739e+00,-2.507606618925493436e+01,3.088441206169555198e+00,2.482246047280824097e+00,6.770059251809523726e-01
8.249999999999999556e-01,-1.157142857142857695e-01,-4.693082096946107562e+00,-1.354563252032765419e+01,-1.016682493407332366e+01,-2.525510181510103536e+01,3.057407514374065549e+00,2.482246047280824097e+00,6.819425952490011378e-01
8.249999999999999556e-01,-8.666666666666666963e-02,-4.790195985891015695e+00,-1.388925895264178401e+01,-1.036304800934565584e+01,-2.545346543297349839e+01,3.025083450568010424e+00,2.482246047280824097e+00,6.871491603596602271e-01
8.249999999999999556e-01,-5.761904761904768080e-02,-4.892011333365141823e+00,-1.426929442712267004e+01,-1.056842603410289350e+01,-2.567173706500834740e+01,2.991264177318127437e+00,2.482246047280824097e+00,6.926682180433131331e-01
8.249999999999999556e-01,-2.857142857142858094e-02,-4.998898043101964284e+00,-1.470374828086795205e+01,-1.078365854139405400e+01,-2.591063589397168698e+01,2.955636415404427453e+00,2.482246047280824097e+00,6.985629057580236001e-01
8.249999999999999556e-01,4.761904761904078853e-04,-5.111266994639061423e+00,-1.524739722871675873e+01,-1.100952064582407708e+01,-2.617102917082833358e+01,2.917607080091283667e+00,2.482246047280824097e+00,7.049475742752084884e-01
9.499999999999999556e-01,-9.000000000000000222e-01,-2.732771638222532662e+00,-7.662603502408483536e+00,-6.175160845267008369e+00,-2.564980934516572120e+01,3.097948900445122167e+00,2.482246047280824541e+00,6.755055214073734104e-01
9.499999999999999556e-01,-8.709523809523809224e-01,-2.766051544999487799e+00,-7.757002831500271256e+00,-6.246375316095549302e+00,-2.475165783665296360e+01,3.081822249615768339e+00,2.482246047280824097e+00,6.780537772812348374e-01
9.499999999999999556e-01,-8.419047619047619335e-01,-2.800244957637922472e+00,-7.854159464317016059e+00,-6.319511037289296418e+00,-2.403943839208492506e+01,3.065406592369184668e+00,2.482246047280824097e+00,6.806643669786923700e-01
9.499999999999999556e-01,-8.128571428571428337e-01,-2.835391992115980031e+00,-7.954207255078961758e+00,-6.394651439938940030e+00,-2.346270933422961136e+01,3.048691157832210230e+00,2.482246047280824097e+00,6.833400398778448626e-01
9.499999999999999556e-01,-7.838095238095238448e-01,-2.871535214513543544e+00,-8.057289603678754020e+00,-6.471885005084429210e+00,-2.298902341620111756e+01,3.031664531012788988e+00,2.482246047280823653e+00,6.860837264364826327e-01
9.499999999999999556e-01,-7.547619047619047450e-01,-2.908719833722885895e+00,-8.163560405116482954e+00,-6.551305658781233276e+00,-2.259636970020467217e+01,3.014314597116679373e+00,2.482246047280823653e+00,6.888985546057980747e-01
9.499999999999999556e-01,-7.257142857142857562e-01,-2.946993913709260227e+00,-8.273185127379042214e+00,-6.633013205305886117e+00,-2.226919540510021989e+01,2.996628479257373634e+00,2.482246047280823653e+00,6.917878682093820952e-01
9.499999999999999556e-01,-6.966666666666666563e-01,-2.986408606112495256e+00,-8.386342041010770743e+00,-6.717113802904848718e+00,-2.199615222782458446e+01,2.978592468517759606e+00,2.482246047280824097e+00,6.947552475913516545e-01
9.499999999999999556e-01,-6.676190476190476675e-01,-3.027018406454160537e+00,-8.503223628825139713e+00,-6.803720487085468172e+00,-2.176874369399777009e+01,2.960191945109709621e+00,2.482246047280824097e+00,6.978045328971667072e-01
9.499999999999999556e-01,-6.385714285714285676e-01,-3.068881436723206235e+00,-8.624038211754742278e+00,-6.892953747135047493e+00,-2.158047455750318733e+01,2.941411289111059091e+00,2.482246047280824097e+00,7.009398504251019846e-01
9.499999999999999556e-01,-6.095238095238095788e-01,-3.112059757297427787e+00,-8.749011835781857371e+00,-6.984942162349854655e+00,-2.142629495728552413e+01,2.922233778920921399e+00,2.482246047280824097e+00,7.041656425798948904e-01
9.499999999999999556e-01,-5.804761904761904789e-01,-3.156619711879255608e+00,-8.878390476017678168e+00,-7.079823105380038228e+00,-2.130222531780514572e+01,2.902641475140603333e+00,2.482246047280824541e+00,7.074867020788582206e-01
9.499999999999999556e-01,-5.514285714285713791e-01,-3.202632309923937992e+00,-9.012442633335291831e+00,-7.177743521172077479e+00,-2.120509623565233426e+01,2.882615087025049316e+00,2.482246047280823653e+00,7.109082112131950293e-01
9.499999999999999556e-01,-5.223809523809523903e-01,-3.250173651227855842e+00,-9.151462417961022666e+00,-7.278860791246150264e+00,-2.113236387124083038e+01,2.862133817912225986e+00,2.482246047280824097e+00,7.144357871651733083e-01
9.499999999999999556e-01,-4.933333333333333459e-01,-3.299325398174151047e+00,-9.295773248053514237e+00,-7.383343694515565048e+00,-2.108197630970554570e+01,2.841175185057154273e+00,2.482246047280824097e+00,7.180755346421707763e-01
9.499999999999999556e-01,-4.642857142857143016e-01,-3.350175302042288195e+00,-9.445732334059034230e+00,-7.491373477580969720e+00,-2.105227518067052728e+01,2.819714807974367243e+00,2.482246047280824097e+00,7.218341074359733156e-01
9.499999999999999556e-01,-4.352380952380952572e-01,-3.402817791301134598e+00,-9.601736182306995104e+00,-7.603145049463874372e+00,-2.104192221268533913e+01,2.797726157578973805e+00,2.482246047280824097e+00,7.257187809865418560e-01
9.499999999999999556e-01,-4.061904761904762129e-01,-3.457354629715880368e+00,-9.764227445138168093e+00,-7.718868318143995211e+00,-2.104984378081103813e+01,2.775180255885624891e+00,2.482246047280824541e+00,7.297375386789768381e-01
9.499999999999999556e-01,-3.771428571428571130e-01,-3.513895655257686101e+00,-9.933703582106900853e+00,-7.838769689109073902e+00,-2.107518868732967121e+01,2.752045312422513490e+00,2.482246047280824097e+00,7.338991755161085040e-01
9.499999999999999556e-01,-3.480952380952381242e-01,-3.572559610471859326e+00,-1.011072801139028066e+01,-7.963093749512253794e+00,-2.111729585425310418e+01,2.728286278275865229e+00,2.482246047280824097e+00,7.382134241231381733e-01
9.499999999999999556e-01,-3.190476190476190244e-01,-3.633475079500427807e+00,-1.029594476981446860e+01,-8.092105165530533384e+00,-2.117566957715751741e+01,2.703864290861115016e+00,2.482246047280824097e+00,7.426911099779844871e-01
9.499999999999999556e-01,-2.900000000000000355e-01,-3.696781546617568637e+00,-1.049009825517489425e+01,-8.226090825480529389e+00,-2.124996065751467711e+01,2.678735970518476339e+00,2.482246047280823653e+00,7.473443456990799261e-01
9.499999999999999556e-01,-2.609523809523809357e-01,-3.762630596097371605e+00,-1.069406057143120670e+01,-8.365362266798786806e+00,-2.133995219946403310e+01,2.652852511014513581e+00,2.482246047280824097e+00,7.521867788254426035e-01
9.499999999999999556e-01,-2.319047619047619468e-01,-3.831187276200004543e+00,-1.090887067732458604e+01,-8.510258432331646361e+00,-2.144554919282421324e+01,2.626158474743674809e+00,2.482246047280824097e+00,7.572339150121676354e-01
9.499999999999999556e-01,-2.028571428571428470e-01,-3.902631653738525053e+00,-1.113579268482597051e+01,-8.661148809621106892e+00,-2.156677124982440574e+01,2.598590149633288604e+00,2.482246047280824097e+00,7.625035512970570473e-01
9.499999999999999556e-01,-1.738095238095238582e-01,-3.977160591366538878e+00,-1.137640690741829452e+01,-8.818437017351445917e+00,-2.170374804757755882e+01,2.570073227302382968e+00,2.482246047280824097e+00,7.680163769152843489e-01
9.499999999999999556e-01,-1.447619047619047583e-01,-4.054989786807529306e+00,-1.163276065809794169e+01,-8.982564915740045564e+00,-2.185671717103524969e+01,2.540519373832943018e+00,2.482246047280824097e+00,7.737968427513369774e-01
9.499999999999999556e-01,-1.157142857142857695e-01,-4.136356119212261540e+00,-1.190763733998798912e+01,-9.154017333211310614e+00,-2.202602416584490186e+01,2.509820870921859903e+00,2.482246047280824097e+00,7.798744908090160521e-01
9.499999999999999556e-01,-8.666666666666666963e-02,-4.221520359754971530e+00,-1.220508629633626896e+01,-9.333327520897666929e+00,-2.221212470709856746e+01,2.477841592467416199e+00,2.482246047280824097e+00,7.862861423961386986e-01
9.499999999999999556e-01,-5.761904761904768080e-02,-4.310770313617930505e+00,-1.253162025637945831e+01,-9.521083470350832911e+00,-2.241558887600196570e+01,2.444400145687390946e+00,2.482246047280824097e+00,7.930798916345802585e-01
9.499999999999999556e-01,-2.857142857142858094e-02,-4.404424476909698960e+00,-1.289956091348666867e+01,-9.717935259611801158e+00,-2.263710761814555994e+01,2.409233008447588809e+00,2.482246047280824097e+00,8.003236319981464897e-01
9.499999999999999556e-01,4.761904761904078853e-04,-4.502836310598854475e+00,-1.334090578147298167e+01,-9.924603630150986788e+00,-2.287750153978844025e+01,2.371888017951417904e+00,2.482246047280824097e+00,8.081291016089252599e-01
1.074999999999999956e+00,-9.000000000000000222e-01,-2.450501535336014225e+00,-6.865901861828366037e+00,-5.626202899695813109e+00,-2.189428697329433859e+01,2.652407379920079133e+00,2.482246047280824097e+00,7.522704979987359097e-01
1.074999999999999956e+00,-8.709523809523809224e-01,-2.480305360825723948e+00,-6.950760563086524790e+00,-5.691842619744497789e+00,-2.123523265542333505e+01,2.636690165796539809e+00,2.482246047280824541e+00,7.552361777217108108e-01
1.074999999999999956e+00,-8.419047619047619335e-01,-2.510922298746603776e+00,-7.038094188490899406e+00,-5.759266209162038130e+00,-2.070719610970319735e+01,2.620678733008027894e+00,2.482246047280824097e+00,7.582767090238116126e-01
1.074999999999999956e+00,-8.128571428571428337e-01,-2.542387803394013712e+00,-7.128022201239182287e+00,-5.828551568714058995e+00,-2.027694107290990644e+01,2.604361887940987330e+00,2.482246047280824097e+00,7.613954508289634271e-01
1.074999999999999956e+00,-7.838095238095238448e-01,-2.574739478639354484e+00,-7.220672491988856301e+00,-5.899781336288334899e+00,-1.992248609707317897e+01,2.587727766551955355e+00,2.482246047280824097e+00,7.645959842054261824e-01
1.074999999999999956e+00,-7.547619047619047450e-01,-2.608017245859402422e+00,-7.316182204235039954e+00,-5.973043258969680025e+00,-1.962859631617422806e+01,2.570763777296241059e+00,2.482246047280824097e+00,7.678821323278398614e-01
1.074999999999999956e+00,-7.257142857142857562e-01,-2.642263528407802653e+00,-7.414698666139746486e+00,-6.048430601161198794e+00,-1.938432201601524341e+01,2.553456537480265354e+00,2.482246047280824097e+00,7.712579827803276444e-01
1.074999999999999956e+00,-6.966666666666666563e-01,-2.677523454232641598e+00,-7.516380453606460676e+00,-6.126042592927373853e+00,-1.918156324273583380e+01,2.535791802039321308e+00,2.482246047280824097e+00,7.747279125516876030e-01
1.074999999999999956e+00,-6.676190476190476675e-01,-2.713845078502299391e+00,-7.621398603356034585e+00,-6.205984923300008838e+00,-1.901418776773758879e+01,2.517754383547023966e+00,2.482246047280824097e+00,7.782966161402167238e-01
1.074999999999999956e+00,-6.385714285714285676e-01,-2.751279628758304341e+00,-7.729938008552529105e+00,-6.288370283941700833e+00,-1.887746547874386138e+01,2.499328062018875141e+00,2.482246047280824097e+00,7.819691372679873353e-01
1.074999999999999956e+00,-6.095238095238095788e-01,-2.789881776029836224e+00,-7.842199031098772366e+00,-6.373318969318796157e+00,-1.876769262407675853e+01,2.480495482765405324e+00,2.482246047280824097e+00,7.857509048070532298e-01
1.074999999999999956e+00,-5.804761904761904789e-01,-2.829709933601303185e+00,-7.958399378989757800e+00,-6.460959540415325719e+00,-1.868193464988508623e+01,2.461238040160075524e+00,2.482246047280824097e+00,7.896477736493465738e-01
1.074999999999999956e+00,-5.514285714285713791e-01,-2.870826588743782715e+00,-8.078776307520170619e+00,-6.551429560043834144e+00,-1.861784570529332328e+01,2.441535744685479514e+00,2.482246047280824541e+00,7.936660714165389985e-01
1.074999999999999956e+00,-5.223809523809523903e-01,-2.913298670093602993e+00,-8.203589220565502771e+00,-6.644876409005039619e+00,-1.857353920764877131e+01,2.421367069968914709e+00,2.482246047280824097e+00,7.978126521178506847e-01
1.074999999999999956e+00,-4.933333333333333459e-01,-2.957197956208020173e+00,-8.333122774550330902e+00,-6.741458193749038763e+00,-1.854749331345817609e+01,2.400708775658694449e+00,2.482246047280824097e+00,8.020949581396645822e-01
1.074999999999999956e+00,-4.642857142857143016e-01,-3.002601530721329848e+00,-8.467690620023113013e+00,-6.841344757835739365e+00,-1.853848081456063568e+01,2.379535700843483426e+00,2.482246047280824097e+00,8.065210923152801303e-01
1.074999999999999956e+00,-4.352380952380952572e-01,-3.049592289965910474e+00,-8.607639964150246570e+00,-6.944718811429976491e+00,-1.854551649176669059e+01,2.357820521156889448e+00,2.482246047280824097e+00,8.110999023121031604e-01
1.074999999999999956e+00,-4.061904761904762129e-01,-3.098259511109318076e+00,-8.753357209412772733e+00,-7.051777195356697447e+00,-1.856781719352068194e+01,2.335533460554282570e+00,2.482246047280824097e+00,8.158410802408136986e-01
1.074999999999999956e+00,-3.771428571428571130e-01,-3.148699488836814275e+00,-8.905275028995310649e+00,-7.162732298956322019e+00,-1.860477136521338082e+01,2.312641945713388658e+00,2.482246047280824097e+00,8.207552813191176799e-01
1.074999999999999956e+00,-3.480952380952381242e-01,-3.201016250326594204e+00,-9.063881396323511197e+00,-7.277813654209925431e+00,-1.865591572753908167e+01,2.289110186642081324e+00,2.482246047280824097e+00,8.258542667414301430e-01
1.074999999999999956e+00,-3.190476190476190244e-01,-3.255322361320555746e+00,-9.229731344561189488e+00,-7.397269732459141878e+00,-1.872091746504590404e+01,2.264898660636814220e+00,2.482246047280824097e+00,8.311510778255974952e-01
1.074999999999999956e+00,-2.900000000000000355e-01,-3.311739835288454614e+00,-9.403462634344789350e+00,-7.521369974665141456e+00,-1.879956074673141231e+01,2.239963466977271889e+00,2.482246047280824097e+00,8.366602513802033902e-01
1.074999999999999956e+00,-2.609523809523809357e-01,-3.370401163552644075e+00,-9.585817197316091054e+00,-7.650407091707296381e+00,-1.889173672725717168e+01,2.214255504488654047e+00,2.482246047280824097e+00,8.423980906710410999e-01
1.074999999999999956e+00,-2.319047619047619468e-01,-3.431450484002112056e+00,-9.777671423075851465e+00,-7.784699677931905093e+00,-1.899743641397031624e+01,2.187719399382614505e+00,2.482246047280824097e+00,8.483830134660110822e-01
1.074999999999999956e+00,-2.028571428571428470e-01,-3.495044912179793517e+00,-9.980080565416127314e+00,-7.924595189299959763e+00,-1.911674596032892026e+01,2.160292069008380444e+00,2.482246047280824097e+00,8.546360104981154393e-01
1.074999999999999956e+00,-1.738095238095238582e-01,-3.561356060815038305e+00,-1.019434684361556265e+01,-8.070473347378909423e+00,-1.924984407999675184e+01,2.131900732931657494e+00,2.482246047280824097e+00,8.611812685165314285e-01
1.074999999999999956e+00,-1.447619047619047583e-01,-3.630571780716384644e+00,-1.042212979657906402e+01,-8.222750042600075915e+00,-1.939700138122699258e+01,2.102460042765248005e+00,2.482246047280824097e+00,8.680470509632610687e-01
1.074999999999999956e+00,-1.157142857142857695e-01,-3.702898161697880663e+00,-1.066563791652030169e+01,-8.381881825009751097e+00,-1.955858150787481620e+01,2.071867717715297985e+00,2.482246047280824097e+00,8.752670074680694023e-01
1.074999999999999956e+00,-8.666666666666666963e-02,-3.778561839420592428e+00,-1.092799277306000150e+01,-8.548371089289362956e+00,-1.973504404827538750e+01,2.039997437208834974e+00,2.482246047280824097e+00,8.828822562348169756e-01
1.074999999999999956e+00,-5.761904761904768080e-02,-3.857812666821842651e+00,-1.121401165200856553e+01,-8.722772083598940185e+00,-1.992694924238531229e+01,2.006686129691333864e+00,2.482246047280824097e+00,8.909450176515810726e-01
1.074999999999999956e+00,-2.857142857142858094e-02,-3.940926816962006196e+00,-1.153222732877090451e+01,-8.905697900427243852e+00,-2.013496458518065779e+01,1.971707893814429458e+00,2.482246047280824097e+00,8.995258852469096844e-01
1.074999999999999956e+00,4.761904761904078853e-04,-4.028210403406716544e+00,-1.190202538682839695e+01,-9.097828643521022940e+00,-2.035987349492378939e+01,1.934706813702643302e+00,2.482246047280824097e+00,9.087320946527108756e-01
1.074999999999999956e+00,2.952380952380950774e-02,-4.120003722080960884e+00,-1.241199874076532694e+01,-9.299921010351884121e+00,-2.060258629307136502e+01,1.894903916407493893e+00,2.482246047280823653e+00,9.187851050505404515e-01
1.199999999999999956e+00,-9.000000000000000222e-01,-2.225065086937048520e+00,-6.243157989857223811e+00,-5.194067271930840946e+00,-1.901563481885519025e+01,2.286519207130110587e+00,2.482246047280824097e+00,8.264186447013317505e-01
1.199999999999999956e+00,-8.709523809523809224e-01,-2.252052102815504053e+00,-6.320578171385347055e+00,-5.255332562044269018e+00,-1.852509736277989560e+01,2.271062660880712070e+00,2.482246047280824097e+00,8.297976777832355433e-01
1.199999999999999956e+00,-8.419047619047619335e-01,-2.279769953754824385e+00,-6.400253085178873036e+00,-5.318274379808906716e+00,-1.812884304449238115e+01,2.255305861012224966e+00,2.482246047280824097e+00,8.332639909654497856e-01
1.199999999999999956e+00,-8.128571428571428337e-01,-2.308250235098583403e+00,-6.482290943026407959e+00,-5.382966323678348708e+00,-1.780455159766143325e+01,2.239237190176345038e+00,2.482246047280824097e+00,8.368215415702812132e-01
1.199999999999999956e+00,-7.838095238095238448e-01,-2.337526440374999570e+00,-6.566807505603809325e+00,-5.449486486935452234e+00,-1.753707440097414505e+01,2.222844334383140996e+00,2.482246047280823653e+00,8.404745484172655434e-01
1.199999999999999956e+00,-7.547619047619047450e-01,-2.367634108920887215e+00,-6.653926809329216319e+00,-5.517917812039367043e+00,-1.731569824891964871e+01,2.206114224454656991e+00,2.482246047280824097e+00,8.442275150516644899e-01
1.199999999999999956e+00,-7.257142857142857562e-01,-2.398610986899724740e+00,-6.743781986471891976e+00,-5.588348479412355907e+00,-1.713259845296480677e+01,2.189032970901203079e+00,2.482246047280824541e+00,8.480852556383290386e-01
1.199999999999999956e+00,-6.966666666666666563e-01,-2.430497204314833404e+00,-6.836516193598861868e+00,-5.660872334670594697e+00,-1.698191130211812805e+01,2.171585791256166686e+00,2.482246047280824097e+00,8.520529239085142814e-01
1.199999999999999956e+00,-6.676190476190476675e-01,-2.463335469522839549e+00,-6.932283671700988137e+00,-5.735589358821028050e+00,-1.685915094825258720e+01,2.153756928723612241e+00,2.482246047280824097e+00,8.561360456180324707e-01
1.199999999999999956e+00,-6.385714285714285676e-01,-2.497171283068255754e+00,-7.031250958500698367e+00,-5.812606186662588215e+00,-1.676082829060687018e+01,2.135529560768256729e+00,2.482246047280824097e+00,8.603405550620889519e-01
1.199999999999999956e+00,-6.095238095238095788e-01,-2.532053173714420069e+00,-7.133598285864835908e+00,-5.892036679177873104e+00,-1.668419367134588782e+01,2.116885695996748140e+00,2.482246047280824097e+00,8.646728362998257200e-01
1.199999999999999956e+00,-5.804761904761904789e-01,-2.568032958940023924e+00,-7.239521199120532380e+00,-5.974002556801493391e+00,-1.662705833892650986e+01,2.097806057325366957e+00,2.482246047280824097e+00,8.691397698761037516e-01
1.199999999999999956e+00,-5.514285714285713791e-01,-2.605166033055128061e+00,-7.349232446031318311e+00,-6.058634101139931616e+00,-1.658766765236779150e+01,2.078269948978382242e+00,2.482246047280824097e+00,8.737487859977989269e-01
1.199999999999999956e+00,-5.223809523809523903e-01,-2.643511686640042324e+00,-7.462964199400580867e+00,-6.146070934198509583e+00,-1.656460923454847745e+01,2.058255104280265257e+00,2.482246047280824541e+00,8.785079253383528686e-01
1.199999999999999956e+00,-4.933333333333333459e-01,-2.683133461270583275e+00,-7.580970692776324071e+00,-6.236462885195027894e+00,-1.655674532269816979e+01,2.037737510446595124e+00,2.482246047280824541e+00,8.834259089237768148e-01
1.199999999999999956e+00,-4.642857142857143016e-01,-2.724099543845212246e+00,-7.703531378323073220e+00,-6.329970956843810725e+00,-1.656316224878088050e+01,2.016691205575000367e+00,2.482246047280824097e+00,8.885122189188731090e-01
1.199999999999999956e+00,-4.352380952380952572e-01,-2.766483206396968431e+00,-7.830954751609550790e+00,-6.426768404826914249e+00,-1.658313229693671431e+01,1.995088041689232483e+00,2.482246047280824097e+00,8.937771926177725534e-01
1.199999999999999956e+00,-4.061904761904762129e-01,-2.810363297551255357e+00,-7.963583042169086745e+00,-6.527041946235812020e+00,-1.661608467719466731e+01,1.972897405847176433e+00,2.482246047280824097e+00,8.992321325979762969e-01
1.199999999999999956e+00,-3.771428571428571130e-01,-2.855824792234111786e+00,-8.101798049279794967e+00,-6.630993115598107224e+00,-1.666158333980883910e+01,1.950085888758711805e+00,2.482246047280824097e+00,9.048894368977635772e-01
1.199999999999999956e+00,-3.480952380952381242e-01,-2.902959409126858681e+00,-8.246028522008828077e+00,-6.738839790043576805e+00,-1.671931001921096893e+01,1.926616886713000909e+00,2.482246047280824097e+00,9.107627543411167537e-01
1.199999999999999956e+00,-3.190476190476190244e-01,-2.951866304727676749e+00,-8.396759669369817658e+00,-6.850817908968310554e+00,-1.678905135414323624e+01,1.902450117308049471e+00,2.482246047280824097e+00,9.168671719510664841e-01
1.199999999999999956e+00,-2.900000000000000355e-01,-3.002652855853947589e+00,-8.554545686086575174e+00,-6.967183418009172513e+00,-1.687068925218659032e+01,1.877541021545267252e+00,2.482246047280824097e+00,9.232194440732023333e-01
1.199999999999999956e+00,-2.609523809523809357e-01,-3.055435544788898561e+00,-8.720026674017207213e+00,-7.088214472439693381e+00,-1.696419389745468820e+01,1.851840012639589528e+00,2.482246047280824097e+00,9.298382769086787070e-01
1.199999999999999956e+00,-2.319047619047619468e-01,-3.110340961911136848e+00,-8.893952193358373393e+00,-7.214213941718466749e+00,-1.706961896925536593e+01,1.825291512428906859e+00,2.482246047280824097e+00,9.367446885780454924e-01
1.199999999999999956e+00,-2.028571428571428470e-01,-3.167506945723496337e+00,-9.077215216919569230e+00,-7.345512264611791409e+00,-1.718709876679432469e+01,1.797832683968042078e+00,2.482246047280824097e+00,9.439624753692358317e-01
1.199999999999999956e+00,-1.738095238095238582e-01,-3.227083882526859071e+00,-9.270903194986056306e+00,-7.482470714032367631e+00,-1.731684703334686404e+01,1.769391712718908494e+00,2.482246047280824097e+00,9.515188329378007071e-01
1.199999999999999956e+00,-1.447619047619047583e-01,-3.289236192297723793e+00,-9.476378903037224077e+00,-7.625485142396045468e+00,-1.745915735294180493e+01,1.739885385383363792e+00,2.482246047280824097e+00,9.594452142096817626e-01
1.199999999999999956e+00,-1.157142857142857695e-01,-3.354144033915497314e+00,-9.695416890504487739e+00,-7.774990292745241227e+00,-1.761440505952172586e+01,1.709215511629722073e+00,2.482246047280824097e+00,9.677785701148126085e-01
1.199999999999999956e+00,-8.666666666666666963e-02,-3.422005266905863596e+00,-9.930453437056550925e+00,-7.931464778719784725e+00,-1.778305065843592914e+01,1.677263295649673580e+00,2.482246047280824097e+00,9.765632564230153356e-01
1.199999999999999956e+00,-5.761904761904768080e-02,-3.493037719232021221e+00,-1.018509758600267823e+01,-8.095436858619599718e+00,-1.796564481697142668e+01,1.643879707949995606e+00,2.482246047280824097e+00,9.858542175053096601e-01
1.199999999999999956e+00,-2.857142857142858094e-02,-3.567481815050784100e+00,-1.046535412345845550e+01,-8.267491156500595295e+00,-1.816283503831270707e+01,1.608866924190957004e+00,2.482246047280824097e+00,9.957229745473912264e-01
1.199999999999999956e+00,4.761904761904078853e-04,-3.645603634809151394e+00,-1.078339420080503785e+01,-8.448276518059349982e+00,-1.837537419506968206e+01,1.571935164763179182e+00,2.482246047280824097e+00,1.006271213503425299e+00
1.199999999999999956e+00,2.952380952380950774e-02,-3.727698491354844545e+00,-1.117732433939514003e+01,-8.638515233092697088e+00,-1.860413116873861483e+01,1.532558313902795621e+00,2.482246047280824097e+00,1.017675138411904934e+00
1.324999999999999956e+00,-9.000000000000000222e-01,-2.040275642007301382e+00,-5.744452791919247403e+00,-4.845584334111431524e+00,-1.675405529635052204e+01,1.977961907858895252e+00,2.482246047280824097e+00,8.979829765219485838e-01
1.324999999999999956e+00,-8.709523809523809224e-01,-2.064919368059563887e+00,-5.815936215620920002e+00,-4.903334288340500891e+00,-1.638503075637055773e+01,1.962653565389613330e+00,2.482246047280824097e+00,9.017663702686539162e-01
1.324999999999999956e+00,-8.419047619047619335e-01,-2.090224753483807874e+00,-5.889498842617173047e+00,-4.962674903430282392e+00,-1.608515576758168919e+01,1.947038125380175622e+00,2.482246047280824097e+00,9.056491240991396685e-01
1.324999999999999956e+00,-8.128571428571428337e-01,-2.116220121247893715e+00,-5.965239905303360679e+00,-5.023676352321952088e+00,-1.583918209349974049e+01,1.931103533675748274e+00,2.482246047280824097e+00,9.096357649150761393e-01
1.324999999999999956e+00,-7.838095238095238448e-01,-2.142935478454986331e+00,-6.043265485154586614e+00,-5.086413110784619107e+00,-1.563651081342487892e+01,1.914837012380725234e+00,2.482246047280824097e+00,9.137311172409200433e-01
1.324999999999999956e+00,-7.547619047619047450e-01,-2.170402645699298194e+00,-6.123689157940520822e+00,-5.150964297781520429e+00,-1.546950418037638819e+01,1.898224999676751290e+00,2.482246047280824541e+00,9.179403292814967141e-01
1.324999999999999956e+00,-7.257142857142857562e-01,-2.198655398326663235e+00,-6.206632723658199957e+00,-5.217414049015453692e+00,-1.533249937606093027e+01,1.881253083026914297e+00,2.482246047280824541e+00,9.222689018996709232e-01
1.324999999999999956e+00,-6.966666666666666563e-01,-2.227729621567920759e+00,-6.292227029027141150e+00,-5.285851927517889237e+00,-1.522120124422115950e+01,1.863905924827043759e+00,2.482246047280824097e+00,9.267227209253985354e-01
1.324999999999999956e+00,-6.676190476190476675e-01,-2.257663480539711998e+00,-6.380612904057491264e+00,-5.356373375672181858e+00,-1.513229206267051552e+01,1.846167179394992752e+00,2.482246047280824097e+00,9.313080932797903611e-01
1.324999999999999956e+00,-6.385714285714285676e-01,-2.288497607604627060e+00,-6.471942228765696470e+00,-5.429080213670077981e+00,-1.506317176099163646e+01,1.828019399979778470e+00,2.482246047280824097e+00,9.360317874860426546e-01
1.324999999999999956e+00,-6.095238095238095788e-01,-2.320275308001885417e+00,-6.566379158495784019e+00,-5.504081190105398314e+00,-1.501177977251678541e+01,1.809443934213598171e+00,2.482246047280824097e+00,9.409010792474917784e-01
1.324999999999999956e+00,-5.804761904761904789e-01,-2.353042787445461137e+00,-6.664101536477960330e+00,-5.581492591228781386e+00,-1.497646976299131971e+01,1.790420806106106433e+00,2.482246047280824097e+00,9.459238029073818721e-01
1.324999999999999956e+00,-5.514285714285713791e-01,-2.386849403013818982e+00,-6.765302535382192950e+00,-5.661438916341935190e+00,-1.495591964450887801e+01,1.770928582271712903e+00,2.482246047280824097e+00,9.511084097729956000e-01
1.324999999999999956e+00,-5.223809523809523903e-01,-2.421747941132308846e+00,-6.870192576760929093e+00,-5.744053627929309513e+00,-1.494906576028172118e+01,1.750944219558975501e+00,2.482246047280824097e+00,9.564640344992429988e-01
1.324999999999999956e+00,-4.933333333333333459e-01,-2.457794925878506564e+00,-6.979001595436860939e+00,-5.829479986421120863e+00,-1.495505401851421645e+01,1.730442890577267301e+00,2.482246047280824097e+00,9.620005709984176256e-01
1.324999999999999956e+00,-4.642857142857143016e-01,-2.495050961326462424e+00,-7.091981733691727463e+00,-5.917871981042125640e+00,-1.497320316689375375e+01,1.709397782733418358e+00,2.482246047280824097e+00,9.677287596946733128e-01
1.324999999999999956e+00,-4.352380952380952572e-01,-2.533581112664756052e+00,-7.209410581657059502e+00,-6.009395369982899027e+00,-1.500297693719173608e+01,1.687779865218757003e+00,2.482246047280824097e+00,9.736602884039650130e-01
1.324999999999999956e+00,-4.061904761904762129e-01,-2.573455331835588389e+00,-7.331595119153076823e+00,-6.104228845296424844e+00,-1.504396279417526472e+01,1.665557616803933882e+00,2.482246047280824097e+00,9.798079097371884538e-01
1.324999999999999956e+00,-3.771428571428571130e-01,-2.614748932603438547e+00,-7.458876576807932146e+00,-6.202565340452730780e+00,-1.509585569441194863e+01,1.642696705122311140e+00,2.482246047280824541e+00,9.861855787627206160e-01
1.324999999999999956e+00,-3.480952380952381242e-01,-2.657543123347670733e+00,-7.591636522238727203e+00,-6.304613501513865792e+00,-1.515844571872849578e+01,1.619159605069163677e+00,2.482246047280824097e+00,9.928086158270569284e-01
1.324999999999999956e+00,-3.190476190476190244e-01,-2.701925605204800185e+00,-7.730304617494809349e+00,-6.410599346505972740e+00,-1.523160876116032370e+01,1.594905139561994645e+00,2.482246047280824097e+00,9.996939010809970938e-01
1.324999999999999956e+00,-2.900000000000000355e-01,-2.747991245597141585e+00,-7.875368710074499567e+00,-6.520768141900338044e+00,-1.531529968396338148e+01,1.569887919457163772e+00,2.482246047280824097e+00,1.006860109657848446e+00
1.324999999999999956e+00,-2.609523809523809357e-01,-2.795842837714608287e+00,-8.027388277920666226e+00,-6.635386530333357236e+00,-1.540954751283630664e+01,1.544057649645314889e+00,2.482246047280824097e+00,1.014328000044218081e+00
1.324999999999999956e+00,-2.319047619047619468e-01,-2.845591960801047371e+00,-8.187012850275818820e+00,-6.754744950001914106e+00,-1.551445236882761769e+01,1.517358253044456262e+00,2.482246047280824097e+00,1.022120773751409972e+00
1.324999999999999956e+00,-2.028571428571428470e-01,-2.897359955242606144e+00,-8.355008095955552605e+00,-6.879160393824891528e+00,-1.563018392690170089e+01,1.489726739314579440e+00,2.482246047280824097e+00,1.030264533358954626e+00
1.324999999999999956e+00,-1.738095238095238582e-01,-2.951279032656285217e+00,-8.532294256574271429e+00,-7.008979565791724653e+00,-1.575698126511512243e+01,1.461091702776840417e+00,2.482246047280824097e+00,1.038788881098219985e+00
1.324999999999999956e+00,-1.447619047619047583e-01,-3.007493542139006326e+00,-8.720005536313731653e+00,-7.144582503345110247e+00,-1.589515402937872679e+01,1.431371258102421162e+00,2.482246047280824097e+00,1.047727726964010175e+00
1.324999999999999956e+00,-1.157142857142857695e-01,-3.066161420570418183e+00,-8.919587434963732520e+00,-7.286386748704502203e+00,-1.604508489195183785e+01,1.400470077225098642e+00,2.482246047280824097e+00,1.057120426164425586e+00
1.324999999999999956e+00,-8.666666666666666963e-02,-3.127455857286825847e+00,-9.132968587252046078e+00,-7.434852169425229640e+00,-1.620723333058061755e+01,1.368274890627720008e+00,2.482246047280824097e+00,1.067013470038913114e+00
1.324999999999999956e+00,-5.761904761904768080e-02,-3.191567213410648307e+00,-9.362895273488639702e+00,-7.590486550105851826e+00,-1.638214080350929791e+01,1.334647127794298171e+00,2.482246047280824097e+00,1.077463191837843448e+00
1.324999999999999956e+00,-2.857142857142858094e-02,-3.258705241242660922e+00,-9.613677238644788403e+00,-7.753852104183510008e+00,-1.657043744564158416e+01,1.299409559917564794e+00,2.482246047280824097e+00,1.088540568483323145e+00
1.324999999999999956e+00,4.761904761904078853e-04,-3.329101660859457912e+00,-9.893232195900274917e+00,-7.925573088742985384e+00,-1.677285046663094192e+01,1.262317973014572603e+00,2.482246047280824097e+00,1.100341180151647835e+00
1.324999999999999956e+00,2.952380952380950774e-02,-3.403013164184060191e+00,-1.022125292235036653e+01,-8.106344748281223644e+00,-1.699021449560067509e+01,1.222982457732727735e+00,2.482246047280824097e+00,1.113012291972512724e+00
1.449999999999999956e+00,-9.000000000000000222e-01,-1.885549713623779988e+00,-5.337171548077082939e+00,-4.559027845403552881e+00,-1.494086866326808227e+01,1.712075582907885085e+00,2.482246047280824097e+00,9.669973734682308919e-01
1.449999999999999956e+00,-8.709523809523809224e-01,-1.908202573116224654e+00,-5.403826690654383036e+00,-4.613898031695436330e+00,-1.466116530033469090e+01,1.696827271508615231e+00,2.482246047280824097e+00,9.711719996316716674e-01
1.449999999999999956e+00,-8.419047619047619335e-01,-1.931457765303765450e+00,-5.472418625584600349e+00,-4.670288877686444629e+00,-1.443307434163208924e+01,1.681264234924930712e+00,2.482246047280824541e+00,9.754575005044303637e-01
1.449999999999999956e+00,-8.128571428571428337e-01,-1.955340788637185634e+00,-5.543039308039210411e+00,-4.728267777608175848e+00,-1.424601497375215864e+01,1.665373962015762377e+00,2.482246047280824097e+00,9.798589293183027626e-01
1.449999999999999956e+00,-7.838095238095238448e-01,-1.979878640173273752e+00,-5.615786971833009567e+00,-4.787906273556242098e+00,-1.409246992475725158e+01,1.649143189321142122e+00,2.482246047280824097e+00,9.843816686470101551e-01
1.449999999999999956e+00,-7.547619047619047450e-01,-2.005099929120201629e+00,-5.690766713954749534e+00,-4.849280384630577423e+00,-1.396692750798451677e+01,1.632557839041038905e+00,2.482246047280824097e+00,9.890314587445833139e-01
1.449999999999999956e+00,-7.257142857142857562e-01,-2.031035001008447693e+00,-5.768091148029884430e+00,-4.912470968247429681e+00,-1.386524422023894942e+01,1.615602950326068044e+00,2.482246047280824097e+00,9.938144289780366236e-01
1.449999999999999956e+00,-6.966666666666666563e-01,-2.057716073664753953e+00,-5.847881143799887660e+00,-4.977564117379898789e+00,-1.378424228485805081e+01,1.598262602957591261e+00,2.482246047280824097e+00,9.987371327756009443e-01
1.449999999999999956e+00,-6.676190476190476675e-01,-2.085177386214360329e+00,-5.930266661927631411e+00,-5.044651597994995740e+00,-1.372144557190129177e+01,1.580519832333766361e+00,2.482246047280824097e+00,1.003806586582979721e+00
1.449999999999999956e+00,-6.385714285714285676e-01,-2.113455362931046633e+00,-6.015387704156385240e+00,-5.113831331549070214e+00,-1.367490066929216752e+01,1.562356534481734949e+00,2.482246047280824097e+00,1.009030313406289681e+00
1.449999999999999956e+00,-6.095238095238095788e-01,-2.142588793238497047e+00,-6.103395399446962521e+00,-5.185207928089676344e+00,-1.364305232765712006e+01,1.543753359574903783e+00,2.482246047280824097e+00,1.014416391625427849e+00
1.449999999999999956e+00,-5.804761904761904789e-01,-2.172619029993124506e+00,-6.194453250862452798e+00,-5.258893276311707332e+00,-1.362465474752415595e+01,1.524689592135294536e+00,2.482246047280824097e+00,1.019973509890758523e+00
1.449999999999999956e+00,-5.514285714285713791e-01,-2.203590208511404303e+00,-6.288738576830904314e+00,-5.335007197846530325e+00,-1.361870715792610298e+01,1.505143015726808642e+00,2.482246047280824097e+00,1.025711029076211034e+00
1.449999999999999956e+00,-5.223809523809523903e-01,-2.235549488533738138e+00,-6.386444188740264316e+00,-5.413678174151673517e+00,-1.362440626804265875e+01,1.485089759472444815e+00,2.482246047280824097e+00,1.031639052462502981e+00
1.449999999999999956e+00,-4.933333333333333459e-01,-2.268547322112415277e+00,-6.487780356585281183e+00,-5.495044155644087880e+00,-1.364111070194457653e+01,1.464504123123882673e+00,2.482246047280824097e+00,1.037768505578324119e+00
1.449999999999999956e+00,-4.642857142857143016e-01,-2.302637750934994010e+00,-6.592977133817498725e+00,-5.579253464220720993e+00,-1.366831411942842145e+01,1.443358376629093831e+00,2.482246047280824097e+00,1.044111227453107693e+00
1.449999999999999956e+00,-4.352380952380952572e-01,-2.337878736693215220e+00,-6.702287131532252751e+00,-5.666465802077791380e+00,-1.370562475578542205e+01,1.421622529115903033e+00,2.482246047280824097e+00,1.050680075458536367e+00
1.449999999999999956e+00,-4.061904761904762129e-01,-2.374332529359358013e+00,-6.815988866349479203e+00,-5.756853381832986116e+00,-1.375274979491361549e+01,1.399264060839039869e+00,2.482246047280824097e+00,1.057489046474997085e+00
1.449999999999999956e+00,-3.771428571428571130e-01,-2.412066077555911292e+00,-6.934390850901230863e+00,-5.850602195437315522e+00,-1.380948345151178813e+01,1.376247609779050141e+00,2.482246047280824097e+00,1.064553417870093721e+00
1.449999999999999956e+00,-3.480952380952381242e-01,-2.451151488477578244e+00,-7.057836662885739187e+00,-5.947913442319944899e+00,-1.387569795639522852e+01,1.352534602010056819e+00,2.482246047280824097e+00,1.071889912804623757e+00
1.449999999999999956e+00,-3.190476190476190244e-01,-2.491666542479392454e+00,-7.186711331680344372e+00,-6.049005140742967690e+00,-1.395133686339461399e+01,1.328082811319077461e+00,2.482246047280824097e+00,1.079516895820833433e+00
1.449999999999999956e+00,-2.900000000000000355e-01,-2.533695272027678413e+00,-7.321449540149168378e+00,-6.154113950581006520e+00,-1.403641025771172579e+01,1.302845828296158581e+00,2.482246047280824097e+00,1.087454606733130991e+00
1.449999999999999956e+00,-2.609523809523809357e-01,-2.577328613439540561e+00,-7.462546394089723201e+00,-6.263497240844436043e+00,-1.413099156422016911e+01,1.276772411278388919e+00,2.482246047280824097e+00,1.095725443889419948e+00
1.449999999999999956e+00,-2.319047619047619468e-01,-2.622665142892041334e+00,-7.610571936894814371e+00,-6.377435441434789354e+00,-1.423521574394140110e+01,1.249805679491043708e+00,2.482246047280824097e+00,1.104354312515738235e+00
1.449999999999999956e+00,-2.028571428571428470e-01,-2.669811909553430951e+00,-7.766191325395120693e+00,-6.496234726112144919e+00,-1.434927873660880238e+01,1.221882089549804817e+00,2.482246047280824097e+00,1.113369061199225074e+00
1.449999999999999956e+00,-1.738095238095238582e-01,-2.718885381656337863e+00,-7.930193920751452019e+00,-6.620230082789159809e+00,-1.447343806377104691e+01,1.192930104624727372e+00,2.482246047280824097e+00,1.122801041677008671e+00
1.449999999999999956e+00,-1.447619047619047583e-01,-2.770012523628136325e+00,-8.103537128849188420e+00,-6.749788838454490403e+00,-1.460801455479691668e+01,1.162868409949233905e+00,2.482246047280824097e+00,1.132685848104920234e+00
1.449999999999999956e+00,-1.157142857142857695e-01,-2.823332025853280136e+00,-8.287416132973559613e+00,-6.885314719811976403e+00,-1.475339520114464165e+01,1.131603425355660386e+00,2.482246047280824097e+00,1.143064330651419880e+00
1.449999999999999956e+00,-8.666666666666666963e-02,-2.878995713710151616e+00,-8.483382548927341560e+00,-7.027252547746220657e+00,-1.491003718524589949e+01,1.099025660408768479e+00,2.482246047280824097e+00,1.153984054839662265e+00
1.449999999999999956e+00,-5.761904761904768080e-02,-2.937170167082562067e+00,-8.693564658809798118e+00,-7.176093684943396944e+00,-1.507847317205817639e+01,1.065004010053228090e+00,2.482246047280824097e+00,1.165501544295102887e+00
1.449999999999999956e+00,-2.857142857142858094e-02,-2.998038587950686118e+00,-8.921127081027119488e+00,-7.332382382487829808e+00,-1.525931799590516924e+01,1.029375986166396473e+00,2.482246047280824097e+00,1.177686051792393496e+00
1.449999999999999956e+00,4.761904761904078853e-04,-3.061802962820847185e+00,-9.171408509697013045e+00,-7.496723204613789271e+00,-1.545327692595476066e+01,9.919286626906100857e-01,2.482246047280824097e+00,1.190626785488803074e+00
1.449999999999999956e+00,2.952380952380950774e-02,-3.128686574728388958e+00,-9.455655136101102087e+00,-7.669789753004822686e+00,-1.566115575279158101e+01,9.523528645887184840e-01,2.482246047280824097e+00,1.204449989410085076e+00
1.449999999999999956e+00,5.857142857142860759e-02,-3.198936934638962448e+00,-9.814487691395360258e+00,-7.852334965819587786e+00,-1.588387301043553812e+01,9.100732842991026139e-01,2.482246047280824097e+00,1.219381220823109180e+00
1.574999999999999956e+00,-9.000000000000000222e-01,-1.753682032439638050e+00,-4.999120348265519986e+00,-4.319573573773817010e+00,-1.346218561927768675e+01,1.478827802372749467e+00,2.482246047280824097e+00,1.033498850093588661e+00
1.574999999999999956e+00,-8.709523809523809224e-01,-1.774614276794493462e+00,-5.061787365922044479e+00,-4.372047031625383440e+00,-1.324923807852141877e+01,1.463568320569927694e+00,2.482246047280824097e+00,1.038048205382781086e+00
1.574999999999999956e+00,-8.419047619047619335e-01,-1.796097179556713108e+00,-5.126273967516055130e+00,-4.425983186873285291e+00,-1.307544987611606757e+01,1.447985733211616832e+00,2.482246047280824097e+00,1.042719211535722446e+00
1.574999999999999956e+00,-8.128571428571428337e-01,-1.818153769047229806e+00,-5.192666131512430283e+00,-4.481447144969012086e+00,-1.293337301984302457e+01,1.432067047893272882e+00,2.482246047280824097e+00,1.047517393916846062e+00
1.574999999999999956e+00,-7.838095238095238448e-01,-1.840808409779992827e+00,-5.261055651214901374e+00,-4.538508032264553904e+00,-1.281760966834317550e+01,1.415798489488419909e+00,2.482246047280824097e+00,1.052448633731251082e+00
1.574999999999999956e+00,-7.547619047619047450e-01,-1.864086901999849166e+00,-5.331540663653403733e+00,-4.597239316004065657e+00,-1.272413903437603189e+01,1.399165436061148293e+00,2.482246047280824097e+00,1.057519198032072616e+00
1.574999999999999956e+00,-7.257142857142857562e-01,-1.888016591178123704e+00,-5.404226245875521251e+00,-4.657719155671871114e+00,-1.264990004326262962e+01,1.382152347977793960e+00,2.482246047280824541e+00,1.062735772912140941e+00
1.574999999999999956e+00,-6.966666666666666563e-01,-1.912626486992419883e+00,-5.479225082420432713e+00,-4.720030789364776602e+00,-1.259252151513911855e+01,1.364742689303726220e+00,2.482246047280824097e+00,1.068105500297851007e+00
1.574999999999999956e+00,-6.676190476190476675e-01,-1.937947394344995633e+00,-5.556658220229383716e+00,-4.784262959359861789e+00,-1.255014157757699600e+01,1.346918840417116625e+00,2.482246047280824097e+00,1.073636018830836480e+00
1.574999999999999956e+00,-6.385714285714285676e-01,-1.964012056284687446e+00,-5.636655922812297881e+00,-4.850510381627400669e+00,-1.252128323920963560e+01,1.328662000585050684e+00,2.482246047280824097e+00,1.079335509404341087e+00
1.574999999999999956e+00,-6.095238095238095788e-01,-1.990855311809542671e+00,-5.719358643909424167e+00,-4.918874264713147149e+00,-1.250476652987409842e+01,1.309952079019967019e+00,2.482246047280823653e+00,1.085212746019510899e+00
1.574999999999999956e+00,-5.804761904761904789e-01,-2.018514268697481295e+00,-5.804918139572625257e+00,-4.989462884195143388e+00,-1.249964515940671461e+01,1.290767572655011630e+00,2.482246047280824097e+00,1.091277152746642276e+00
1.574999999999999956e+00,-5.514285714285713791e-01,-2.047028494541308419e+00,-5.893498748613946070e+00,-5.062392219833880880e+00,-1.250516004767999867e+01,1.271085428530476014e+00,2.482246047280824097e+00,1.097538867723735656e+00
1.574999999999999956e+00,-5.223809523809523903e-01,-2.076440227339819256e+00,-5.985278873533498967e+00,-5.137786663599930748e+00,-1.252070473583568777e+01,1.250880888249937595e+00,2.482246047280824097e+00,1.104008815307486957e+00
1.574999999999999956e+00,-4.933333333333333459e-01,-2.106794608332091201e+00,-6.080452707430439752e+00,-5.215779808014998409e+00,-1.254579934344925007e+01,1.230127311416245428e+00,2.482246047280824097e+00,1.110698787721079883e+00
1.574999999999999956e+00,-4.642857142857143016e-01,-2.138139939970590930e+00,-6.179232261221765832e+00,-5.296515325711581568e+00,-1.258007079531127381e+01,1.208795974255429950e+00,2.482246047280824097e+00,1.117621537834074363e+00
1.574999999999999956e+00,-4.352380952380952572e-01,-2.170527972255367199e+00,-6.281849765855516132e+00,-5.380147952851433324e+00,-1.262323773600941124e+01,1.186855838726109003e+00,2.482246047280824097e+00,1.124790885083817971e+00
1.574999999999999956e+00,-4.061904761904762129e-01,-2.204014220802188451e+00,-6.388560547419933400e+00,-5.466844591094616845e+00,-1.267509901631443903e+01,1.164273286213704406e+00,2.482246047280824097e+00,1.132221837036206491e+00
1.574999999999999956e+00,-3.771428571428571130e-01,-2.238658321763898673e+00,-6.499646506609742858e+00,-5.556785545247351799e+00,-1.273552495444060106e+01,1.141011808305963937e+00,2.482246047280824097e+00,1.139930729731910564e+00
1.574999999999999956e+00,-3.480952380952381242e-01,-2.274524427475444366e+00,-6.615420386833950062e+00,-5.650165916617751805e+00,-1.280445079826247401e+01,1.117031644962613424e+00,2.482246047280824097e+00,1.147935390841148262e+00
1.574999999999999956e+00,-3.190476190476190244e-01,-2.311681649356363444e+00,-6.736231088167518699e+00,-5.747197175577780648e+00,-1.288187197364532288e+01,1.092289357355192170e+00,2.482246047280824097e+00,1.156255330861818198e+00
1.574999999999999956e+00,-2.900000000000000355e-01,-2.350204554793338119e+00,-6.862470401783635765e+00,-5.848108940991235016e+00,-1.296784081998001348e+01,1.066737318330812645e+00,2.482246047280824097e+00,1.164911969310738815e+00
1.574999999999999956e+00,-2.609523809523809357e-01,-2.390173725143860839e+00,-6.994581721561504928e+00,-5.953150999180237157e+00,-1.306246460057163006e+01,1.040323097137676456e+00,2.482246047280824097e+00,1.173928905351563801e+00
1.574999999999999956e+00,-2.319047619047619468e-01,-2.431676384772525790e+00,-7.133071588360668791e+00,-6.062595601165257975e+00,-1.316590464202678135e+01,1.012988705541066237e+00,2.482246047280824097e+00,1.183332246042610336e+00
1.574999999999999956e+00,-2.028571428571428470e-01,-2.474807111541019733e+00,-7.278525429306399452e+00,-6.176740084275849085e+00,-1.327837650968635153e+01,9.846696576425375547e-01,2.482246047280824097e+00,1.193151011195969335e+00
1.574999999999999956e+00,-1.738095238095238582e-01,-2.519668641421274113e+00,-7.431629756733803660e+00,-6.295909873209638796e+00,-1.340015117008826984e+01,9.552937716983793681e-01,2.482246047280824097e+00,1.203417643230775047e+00
1.574999999999999956e+00,-1.447619047619047583e-01,-2.566372782174945577e+00,-7.593204775629037506e+00,-6.420461926622581750e+00,-1.353155712987329728e+01,9.247796014592106761e-01,2.482246047280824097e+00,1.214168666316922662e+00
1.574999999999999956e+00,-1.157142857142857695e-01,-2.615041454445698577e+00,-7.764254705232580100e+00,-6.550788708884093481e+00,-1.367298357618787108e+01,8.930343114247831782e-01,2.482246047280824097e+00,1.225445567600375041e+00
1.574999999999999956e+00,-8.666666666666666963e-02,-2.665807880504061256e+00,-7.946050327683925829e+00,-6.687322783401305593e+00,-1.382488457879531829e+01,8.599506702577078832e-01,2.482246047280824097e+00,1.237296027831405798e+00
1.574999999999999956e+00,-5.761904761904768080e-02,-2.718817947074900765e+00,-8.140275304202404527e+00,-6.830542144781953873e+00,-1.398778445090317213e+01,8.254025449312616391e-01,2.482246047280824097e+00,1.249775742020768243e+00
1.574999999999999956e+00,-2.857142857142858094e-02,-2.774231772202626622e+00,-8.349313355926657465e+00,-6.980976433210189569e+00,-1.416228440632695929e+01,7.892376032484350601e-01,2.482246047280824097e+00,1.262951332438794871e+00
1.574999999999999956e+00,4.761904761904078853e-04,-2.832225513377296888e+00,-8.576898126001388789e+00,-7.139214207261712630e+00,-1.434907069728025952e+01,7.512641287142101110e-01,2.482246047280824541e+00,1.276905553896875434e+00
1.574999999999999956e+00,2.952380952380950774e-02,-2.892993461333662530e+00,-8.829943591245454471e+00,-7.305911492984821010e+00,-1.454892447292896129e+01,7.112228927927570776e-01,2.482246047280824097e+00,1.291748288890626650e+00
1.574999999999999956e+00,5.857142857142860759e-02,-2.956750474162932019e+00,-9.126316109626042561e+00,-7.481801880095225954e+00,-1.476273366675765963e+01,6.687066066785091190e-01,2.482246047280824097e+00,1.307647744440788795e+00
1.699999999999999956e+00,-9.000000000000000222e-01,-1.639602105960750622e+00,-4.714683144474142829e+00,-4.116761496700432232e+00,-1.223860581080138665e+01,1.271116552071975381e+00,2.482246047280824541e+00,1.097528934089643693e+00
1.699999999999999956e+00,-8.709523809523809224e-01,-1.659026352918587355e+00,-4.774012936072226765e+00,-4.167213635141586714e+00,-1.207628010391316664e+01,1.255786990816959436e+00,2.482246047280824097e+00,1.102433862297805378e+00
1.699999999999999956e+00,-8.419047619047619335e-01,-1.678955701416242174e+00,-4.835064687012350149e+00,-4.219079848025828916e+00,-1.194412896475722441e+01,1.240125224652097513e+00,2.482246047280824097e+00,1.107470348896404611e+00
1.699999999999999956e+00,-8.128571428571428337e-01,-1.699410998629941050e+00,-4.897919419507147154e+00,-4.272423331327443563e+00,-1.183684022291367910e+01,1.224117753436615885e+00,2.482246047280824097e+00,1.112644329708499136e+00
1.699999999999999956e+00,-7.838095238095238448e-01,-1.720414284576861297e+00,-4.962663583814888923e+00,-4.327311196586266284e+00,-1.175049418595231110e+01,1.207750261892835519e+00,2.482246047280824097e+00,1.117962117221900975e+00
1.699999999999999956e+00,-7.547619047619047450e-01,-1.741988879884787567e+00,-5.029389548172275681e+00,-4.383814783353103373e+00,-1.168212912339950726e+01,1.191007553214828318e+00,2.482246047280824097e+00,1.123430431635190629e+00
1.699999999999999956e+00,-7.257142857142857562e-01,-1.764159481713227562e+00,-5.098196143289923654e+00,-4.442010002320679440e+00,-1.162946457058309413e+01,1.173873475725645932e+00,2.482246047280824097e+00,1.129056435096635447e+00
1.699999999999999956e+00,-6.966666666666666563e-01,-1.786952268544309774e+00,-5.169189273212153601e+00,-4.501977712739435589e+00,-1.159071843170107385e+01,1.156330841669677589e+00,2.482246047280824097e+00,1.134847769538705808e+00
1.699999999999999956e+00,-6.676190476190476675e-01,-1.810395014615772791e+00,-5.242482604504202115e+00,-4.563804138206944749e+00,-1.156448226290278214e+01,1.138361337077643753e+00,2.482246047280824097e+00,1.140812598573122782e+00
1.699999999999999956e+00,-6.385714285714285676e-01,-1.834517215415466751e+00,-5.318198341806182228e+00,-4.627581325492585052e+00,-1.154963397003374403e+01,1.119945421462448465e+00,2.482246047280824097e+00,1.146959653985547556e+00
1.699999999999999956e+00,-6.095238095238095788e-01,-1.859350225262118794e+00,-5.396468109759065435e+00,-4.693407651717754980e+00,-1.154527532743047402e+01,1.101062215887275375e+00,2.482246047280824097e+00,1.153298287457967364e+00
1.699999999999999956e+00,-5.804761904761904789e-01,-1.884927408508887625e+00,-5.477433955833300061e+00,-4.761388385983433835e+00,-1.155068641733065249e+01,1.081689377682866438e+00,2.482246047280824097e+00,1.159838528254309775e+00
1.699999999999999956e+00,-5.514285714285713791e-01,-1.911284305612920509e+00,-5.561249499371952787e+00,-4.831636312431901281e+00,-1.156529188665319552e+01,1.061802959766142695e+00,2.482246047280824097e+00,1.166591147735682732e+00
1.699999999999999956e+00,-5.223809523809523903e-01,-1.938458816737578694e+00,-5.648081254712217003e+00,-4.904272422779762941e+00,-1.158863563990442991e+01,1.041377252109578544e+00,2.482246047280824541e+00,1.173567731732515051e+00
1.699999999999999956e+00,-4.933333333333333459e-01,-1.966491403759586420e+00,-5.738110163682065945e+00,-4.979426687587971578e+00,-1.162036167781740481e+01,1.020384602406674501e+00,2.482246047280824097e+00,1.180780762000589235e+00
1.699999999999999956e+00,-4.642857142857143016e-01,-1.995425314145176543e+00,-5.831533384874007631e+00,-5.057238916982799815e+00,-1.166019950027313712e+01,9.987952123409447047e-01,2.482246047280824097e+00,1.188243708238783336e+00
1.699999999999999956e+00,-4.352380952380952572e-01,-2.025306828584595209e+00,-5.928566397338125071e+00,-5.137859723246855026e+00,-1.170795296362422278e+01,9.765769050486459157e-01,2.482246047280824097e+00,1.195971132465456721e+00
1.699999999999999956e+00,-4.061904761904762129e-01,-2.056185536155334503e+00,-6.029445498367151934e+00,-5.221451599719924452e+00,-1.176349180304023712e+01,9.536948583044688732e-01,2.482246047280824097e+00,1.203978807962258646e+00
1.699999999999999956e+00,-3.771428571428571130e-01,-2.088114640152160195e+00,-6.134430798843388821e+00,-5.308190132847182774e+00,-1.182674525282145694e+01,9.301112965605140559e-01,2.482246047280824097e+00,1.212283855534529664e+00
1.699999999999999956e+00,-3.480952380952381242e-01,-2.121151298726836831e+00,-6.243809859509082294e+00,-5.398265367070314902e+00,-1.189769735497924863e+01,9.057851330928190503e-01,2.482246047280824097e+00,1.220904900559560691e+00
1.699999999999999956e+00,-3.190476190476190244e-01,-2.155357005335748255e+00,-6.357902165376974501e+00,-5.491883345672787797e+00,-1.197638366012963296e+01,8.806715509445021128e-01,2.482246047280824097e+00,1.229862255279166705e+00
1.699999999999999956e+00,-2.900000000000000355e-01,-2.190798014650350733e+00,-6.477064721306363460e+00,-5.589267854791898138e+00,-1.206288910880949139e+01,8.547215077696777019e-01,2.482246047280824541e+00,1.239178132168831992e+00
1.699999999999999956e+00,-2.609523809523809357e-01,-2.227545819680134098e+00,-6.601699182172163560e+00,-5.690662402750096938e+00,-1.215734694518136294e+01,8.278811445464253627e-01,2.482246047280824097e+00,1.248876896188146901e+00
1.699999999999999956e+00,-2.319047619047619468e-01,-2.265677688773046317e+00,-6.732261140092900220e+00,-5.796332472833872984e+00,-1.225993856511414393e+01,8.000910705585615457e-01,2.482246047280824097e+00,1.258985366630110514e+00
1.699999999999999956e+00,-2.028571428571428470e-01,-2.305277269921188754e+00,-6.869272541696784806e+00,-5.906568094908736910e+00,-1.237089424139591998e+01,7.712854855257103015e-01,2.482246047280824097e+00,1.269533183735239490e+00
1.699999999999999956e+00,-1.738095238095238582e-01,-2.346435274427745910e+00,-7.013338812453915772e+00,-6.021686790116081767e+00,-1.249049470373645043e+01,7.413910815605262439e-01,2.482246047280824097e+00,1.280553262293940620e+00
1.699999999999999956e+00,-1.447619047619047583e-01,-2.389250250296304667e+00,-7.165173366328533078e+00,-6.142036953755234840e+00,-1.261907358260105738e+01,7.103256376048536769e-01,2.482246047280824097e+00,1.292082366159591489e+00
1.699999999999999956e+00,-1.157142857142857695e-01,-2.433829461369082736e+00,-7.325634300618845351e+00,-6.268001754827451144e+00,-1.275702075633858890e+01,6.779961668715817069e-01,2.482246047280824097e+00,1.304161858003627161e+00
1.699999999999999956e+00,-8.666666666666666963e-02,-2.480289888342011473e+00,-7.495782450719653767e+00,-6.400003647273523555e+00,-1.290478667158866521e+01,6.442963816574583946e-01,2.482246047280824097e+00,1.316838716470684956e+00
1.699999999999999956e+00,-5.761904761904768080e-02,-2.528759373037824609e+00,-7.676979807248167198e+00,-6.538509608539870399e+00,-1.306288774040068112e+01,6.091030487996036413e-01,2.482246047280824097e+00,1.330166988364248404e+00
1.699999999999999956e+00,-2.857142857142858094e-02,-2.579377929197664177e+00,-7.871071897435969689e+00,-6.684037246893129947e+00,-1.323191295471286111e+01,5.722703920183900284e-01,2.482246047280824097e+00,1.344210008706697490e+00
1.699999999999999956e+00,4.761904761904078853e-04,-2.632299250600125706e+00,-8.080768925355906518e+00,-6.837161951362406676e+00,-1.341253190276919938e+01,5.336206679195119040e-01,2.482246047280824097e+00,1.359044130139212880e+00
1.699999999999999956e+00,2.952380952380950774e-02,-2.687692451034628505e+00,-8.310594243389299862e+00,-6.998525299303679503e+00,-1.360550442489655865e+01,4.929260210075133153e-01,2.482246047280824097e+00,1.374765903180880322e+00
1.699999999999999956e+00,5.857142857142860759e-02,-2.745744080060004144e+00,-8.570038546458951245e+00,-7.168844989001063261e+00,-1.381169221117565016e+01,4.498650870773794330e-01,2.482246047280824097e+00,1.391509267494564828e+00
1.699999999999999956e+00,8.761904761904759642e-02,-2.806660466194758730e+00,-8.894358850037590969e+00,-7.348926632015782445e+00,-1.403207272542130468e+01,4.038593298275285903e-01,2.482246047280824097e+00,1.409510398810448262e+00
1.824999999999999956e+00,-9.000000000000000222e-01,-1.539641723663262241e+00,-4.472560656255093470e+00,-3.943000957046360000e+00,-1.121326950649109122e+01,1.083769887239931284e+00,2.482246047280824097e+00,1.159134350051865825e+00
1.824999999999999956e+00,-8.709523809523809224e-01,-1.557729019046997454e+00,-4.529066864148349580e+00,-3.991729078131187602e+00,-1.108982930679564305e+01,1.068320518599564561e+00,2.482246047280824097e+00,1.164373713647231412e+00
1.824999999999999956e+00,-8.419047619047619335e-01,-1.576280870375052379e+00,-4.587212895811483726e+00,-4.041830031803242740e+00,-1.098998576658861737e+01,1.052529161542758995e+00,2.482246047280824097e+00,1.169753584889531295e+00
1.824999999999999956e+00,-8.128571428571428337e-01,-1.595316185420653454e+00,-4.647075625563662271e+00,-4.093365403646511247e+00,-1.090990416496028814e+01,1.036381780761804983e+00,2.482246047280824541e+00,1.175280244164410126e+00
1.824999999999999956e+00,-7.838095238095238448e-01,-1.614854937776008192e+00,-4.708737035992056619e+00,-4.146400606488754192e+00,-1.084670913063570730e+01,1.019863491303611092e+00,2.482246047280824097e+00,1.180960363544787617e+00
1.824999999999999956e+00,-7.547619047619047450e-01,-1.634918244295346046e+00,-4.772284671460999661e+00,-4.201005186554644943e+00,-1.079820018274224402e+01,1.002958489635650263e+00,2.482246047280824097e+00,1.186801038265437036e+00
1.824999999999999956e+00,-7.257142857142857562e-01,-1.655528449398613988e+00,-4.837812143005356447e+00,-4.257253159752202976e+00,-1.076266605996091741e+01,9.856499775731630830e-01,2.482246047280824097e+00,1.192809821325659270e+00
1.824999999999999956e+00,-6.966666666666666563e-01,-1.676709216752093168e+00,-4.905419692804612986e+00,-4.315223381628673138e+00,-1.073875942830526498e+01,9.679200781475880699e-01,2.482246047280824097e+00,1.198994761597796055e+00
1.824999999999999956e+00,-6.676190476190476675e-01,-1.698485630051601358e+00,-4.975214827625849878e+00,-4.374999955021852571e+00,-1.072540993869933601e+01,9.497497423503182823e-01,2.482246047280824097e+00,1.205364445874778312e+00
1.824999999999999956e+00,-6.385714285714285676e-01,-1.720884302337911231e+00,-5.047313031049492693e+00,-4.436672679993105106e+00,-1.072176245722084609e+01,9.311186455115340044e-01,2.482246047280824097e+00,1.211928045355456174e+00
1.824999999999999956e+00,-6.095238095238095788e-01,-1.743933496608085276e+00,-5.121838570112892342e+00,-4.500337551278293269e+00,-1.072713229791266087e+01,9.120050718644454602e-01,2.482246047280824097e+00,1.218695367144350561e+00
1.824999999999999956e+00,-5.804761904761904789e-01,-1.767663257492166684e+00,-5.198925408887346222e+00,-4.566097309254685044e+00,-1.074097223363288833e+01,8.923857855918368998e-01,2.482246047280824097e+00,1.225676911435721550e+00
1.824999999999999956e+00,-5.514285714285713791e-01,-1.792105556147451262e+00,-5.278718250891810015e+00,-4.634062051303184049e+00,-1.076284785327069748e+01,8.722358863430635934e-01,2.482246047280824097e+00,1.232883935164323486e+00
1.824999999999999956e+00,-5.223809523809523903e-01,-1.817294449644259791e+00,-5.361373733392285068e+00,-4.704349911480562696e+00,-1.079241895816302588e+01,8.515286468303715495e-01,2.482246047280824097e+00,1.240328523042071751e+00
1.824999999999999956e+00,-4.933333333333333459e-01,-1.843266256703606887e+00,-5.447061803811783953e+00,-4.777087817631013422e+00,-1.082942541479222420e+01,8.302353296434097363e-01,2.482246047280824097e+00,1.248023667068024922e+00
1.824999999999999956e+00,-4.642857142857143016e-01,-1.870059751309009144e+00,-5.535967316159077001e+00,-4.852412336491339850e+00,-1.087367635880134920e+01,8.083249798325448099e-01,2.482246047280824097e+00,1.255983355808026669e+00
1.824999999999999956e+00,-4.352380952380952572e-01,-1.897716377444099711e+00,-5.628291895642214548e+00,-4.930470619029949653e+00,-1.092504196772182823e+01,7.857641890671772655e-01,2.482246047280824097e+00,1.264222675003241703e+00
1.824999999999999956e+00,-4.061904761904762129e-01,-1.926280486211762177e+00,-5.724256135479927288e+00,-5.011421460252719839e+00,-1.098344724184302557e+01,7.625168262214111481e-01,2.482246047280824097e+00,1.272757921402328574e+00
1.824999999999999956e+00,-3.771428571428571130e-01,-1.955799599542807021e+00,-5.824102207855648139e+00,-5.095436490076626690e+00,-1.104886738867766027e+01,7.385437280001403426e-01,2.482246047280824097e+00,1.281606732147044125e+00
1.824999999999999956e+00,-3.480952380952381242e-01,-1.986324703275367920e+00,-5.928097001670284527e+00,-5.182701514693684786e+00,-1.112132451837984881e+01,7.138023415827297047e-01,2.482246047280824097e+00,1.290788232615571740e+00
1.824999999999999956e+00,-3.190476190476190244e-01,-2.017910573538023833e+00,-6.036535939965959940e+00,-5.273418031222095514e+00,-1.120088543949856152e+01,6.882463090632138236e-01,2.482246047280824097e+00,1.300323206402058895e+00
1.824999999999999956e+00,-2.900000000000000355e-01,-2.050616141344968835e+00,-6.149747692181161796e+00,-5.367804942493040521e+00,-1.128766040607432153e+01,6.618249804513743895e-01,2.482246047280824097e+00,1.310234292178267257e+00
1.824999999999999956e+00,-2.609523809523809357e-01,-2.084504900405495853e+00,-6.268100089212880199e+00,-5.466100503702212343e+00,-1.138180271475916960e+01,6.344828377682115716e-01,2.482246047280824097e+00,1.320546213693183146e+00
1.824999999999999956e+00,-2.319047619047619468e-01,-2.119645364447247271e+00,-6.392007698424571061e+00,-5.568564538562870148e+00,-1.148350908885972466e+01,6.061588066725241974e-01,2.482246047280824097e+00,1.331286051364530376e+00
1.824999999999999956e+00,-2.028571428571428470e-01,-2.156111581382457398e+00,-6.521941755481664771e+00,-5.675480969773485818e+00,-1.159302081821336827e+01,5.767854229992011028e-01,2.482246047280824097e+00,1.342483567220708940e+00
1.824999999999999956e+00,-1.738095238095238582e-01,-2.193983712593557733e+00,-6.658443556707403843e+00,-5.787160717372262120e+00,-1.171062565204243455e+01,5.462878076601838107e-01,2.482246047280824097e+00,1.354171600103216466e+00
1.824999999999999956e+00,-1.447619047619047583e-01,-2.233348687065542570e+00,-6.802143136847597304e+00,-5.903945029289523028e+00,-1.183666046832233398e+01,5.145823810490492978e-01,2.482246047280824097e+00,1.366386556407663599e+00
1.824999999999999956e+00,-1.157142857142857695e-01,-2.274300942676704018e+00,-6.953786400387077293e+00,-6.026209321640215499e+00,-1.197151476939271575e+01,4.815752106279951317e-01,2.482246047280824097e+00,1.379169035892279904e+00
1.824999999999999956e+00,-8.666666666666666963e-02,-2.316943267668917450e+00,-7.114276540874925558e+00,-6.154367622680722683e+00,-1.211563508106187292e+01,4.471598188506797356e-01,2.482246047280824097e+00,1.392564657729820077e+00
1.824999999999999956e+00,-5.761904761904768080e-02,-2.361387759618465587e+00,-7.284741294068878048e+00,-6.288877734748991699e+00,-1.226953036285081744e+01,4.112141521988684767e-01,2.482246047280824097e+00,1.406625201287290183e+00
1.824999999999999956e+00,-2.857142857142858094e-02,-2.407756920211345353e+00,-7.466651013831771877e+00,-6.430247254035876381e+00,-1.243377857199592817e+01,3.735961511871387919e-01,2.482246047280824097e+00,1.421410278960813844e+00
1.824999999999999956e+00,4.761904761904078853e-04,-2.456184910847961866e+00,-7.662048383219950409e+00,-6.579040620182824206e+00,-1.260903456537989342e+01,3.341367618515818649e-01,2.482246047280824097e+00,1.436989996515753765e+00
1.824999999999999956e+00,2.952380952380950774e-02,-2.506818996022983637e+00,-7.874063742785089026e+00,-6.735887408427783996e+00,-1.279603957413896076e+01,2.926276396931793977e-01,2.482246047280824097e+00,1.453449691574863589e+00
1.824999999999999956e+00,5.857142857142860759e-02,-2.559821208335805842e+00,-8.108352146784215009e+00,-6.901492128988338415e+00,-1.299563254855382688e+01,2.487955933971358058e-01,2.482246047280824097e+00,1.470899927972368681e+00
1.824999999999999956e+00,8.761904761904759642e-02,-2.615370277801577270e+00,-8.379091531750828992e+00,-7.076645864990759982e+00,-1.320876374986642965e+01,2.022313669483873366e-01,2.482246047280824097e+00,1.489504747793435335e+00
1.949999999999999956e+00,-9.000000000000000222e-01,-1.451084164193037873e+00,-4.264380695228958906e+00,-3.792650778519396582e+00,-1.034451881292595132e+01,9.129298014217583912e-01,2.482246047280824097e+00,1.218367177326335593e+00
1.949999999999999956e+00,-8.709523809523809224e-01,-1.467974827419725070e+00,-4.318475046570037890e+00,-3.839894139036585496e+00,-1.025129548379665856e+01,8.973179392029528856e-01,2.482246047280824097e+00,1.223918468454192165e+00
1.949999999999999956e+00,-8.419047619047619335e-01,-1.485293693008092664e+00,-4.374139518858065401e+00,-3.888475016823716324e+00,-1.017678738546024420e+01,8.813536558590371328e-01,2.482246047280824097e+00,1.229618205344533033e+00
1.949999999999999956e+00,-8.128571428571428337e-01,-1.503057935307842596e+00,-4.431447488827145342e+00,-3.938453626613950043e+00,-1.011819586501187906e+01,8.650223533459331371e-01,2.482246047280824541e+00,1.235472945713247173e+00
1.949999999999999956e+00,-7.838095238095238448e-01,-1.521285681991308314e+00,-4.490477174495961066e+00,-3.989893935647833789e+00,-1.007339234311215215e+01,8.483085473614897509e-01,2.482246047280824097e+00,1.241489648334082707e+00
1.949999999999999956e+00,-7.547619047619047450e-01,-1.539996082047506265e+00,-4.551312058765780932e+00,-4.042863964537155574e+00,-1.004072956731705268e+01,8.311957956345218390e-01,2.482246047280824097e+00,1.247675704382228190e+00
1.949999999999999956e+00,-7.257142857142857562e-01,-1.559209379754585179e+00,-4.614041360669592251e+00,-4.097436117795212773e+00,-1.001891557232165653e+01,8.136666188529005916e-01,2.482246047280824541e+00,1.254038971779223743e+00
1.949999999999999956e+00,-6.966666666666666563e-01,-1.578946995532851894e+00,-4.678760561326070544e+00,-4.153687547527137092e+00,-1.000692697872854353e+01,7.957024132973710140e-01,2.482246047280824097e+00,1.260587812884773840e+00
1.949999999999999956e+00,-6.676190476190476675e-01,-1.599231613673582686e+00,-4.745571991419296864e+00,-4.211700554246400330e+00,-1.000394784285923500e+01,7.772833541034455118e-01,2.482246047280824097e+00,1.267331135928965624e+00
1.949999999999999956e+00,-6.385714285714285676e-01,-1.620087278657815322e+00,-4.814585492811686684e+00,-4.271563029345343487e+00,-1.000932560821276951e+01,7.583882879023042811e-01,2.482246047280824097e+00,1.274278440634492693e+00
1.949999999999999956e+00,-6.095238095238095788e-01,-1.641539500025981146e+00,-4.885919161619835194e+00,-4.333368944385326493e+00,-1.002253880912065398e+01,7.389946133868225964e-01,2.482246047280824097e+00,1.281439868544575367e+00
1.949999999999999956e+00,-5.804761904761904789e-01,-1.663615367469406081e+00,-4.959700189633451828e+00,-4.397218893126860095e+00,-1.004317304297996216e+01,7.190781481028444277e-01,2.482246047280824097e+00,1.288826258650557888e+00
1.949999999999999956e+00,-5.514285714285713791e-01,-1.686343676961736593e+00,-5.036065819570845647e+00,-4.463220693089115620e+00,-1.007090288623611940e+01,6.986129794683260119e-01,2.482246047280824097e+00,1.296449209006653946e+00
1.949999999999999956e+00,-5.223809523809523903e-01,-1.709755069393615434e+00,-5.115164434794938764e+00,-4.531490054455296956e+00,-1.010547816922787412e+01,6.775712976605607896e-01,2.482246047280824097e+00,1.304321145131879689e+00
1.949999999999999956e+00,-4.933333333333333459e-01,-1.733882182991464349e+00,-5.197156808925525340e+00,-4.602151325336179433e+00,-1.014671350941888051e+01,6.559232075668589568e-01,2.482246047280824097e+00,1.312455396136011698e+00
1.949999999999999956e+00,-4.642857142857143016e-01,-1.758759821158093928e+00,-5.282217546943178910e+00,-4.675338323818467146e+00,-1.019448032695581929e+01,6.336365164429879071e-01,2.482246047280824097e+00,1.320866279674515642e+00
1.949999999999999956e+00,-4.352380952380952572e-01,-1.784425138060652172e+00,-5.370536757946665851e+00,-4.751195268887395073e+00,-1.024870078840088183e+01,6.106764932342869656e-01,2.482246047280824097e+00,1.329569197046519990e+00
1.949999999999999956e+00,-4.061904761904762129e-01,-1.810917843315139830e+00,-5.462322010991035981e+00,-4.829877824288694832e+00,-1.030934327938001260e+01,5.870055946423636817e-01,2.482246047280824097e+00,1.338580740013723069e+00
1.949999999999999956e+00,-3.771428571428571130e-01,-1.838280429220952028e+00,-5.557800641009143838e+00,-4.911554271734481780e+00,-1.037641911720412402e+01,5.625831519030599637e-01,2.482246047280824541e+00,1.347918811256334282e+00
1.949999999999999956e+00,-3.480952380952381242e-01,-1.866558422389654970e+00,-5.657222493589948442e+00,-4.996406832652022345e+00,-1.044998029475765300e+01,5.373650107896994488e-01,2.482246047280824097e+00,1.357602760823534593e+00
1.949999999999999956e+00,-3.190476190476190244e-01,-1.895800664060111274e+00,-5.760863227865590019e+00,-5.084633161013529801e+00,-1.053011810668004067e+01,5.113031154382194909e-01,2.482246047280824097e+00,1.367653541523809579e+00
1.949999999999999956e+00,-2.900000000000000355e-01,-1.926059621599757854e+00,-5.869028343499171463e+00,-5.176448033796969384e+00,-1.061696255455068894e+01,4.843450240109984373e-01,2.482246047280824097e+00,1.378093887001389017e+00
1.949999999999999956e+00,-2.609523809523809357e-01,-1.957391737044428037e+00,-5.982058163135379303e+00,-5.272085270459996309e+00,-1.071068246389124745e+01,4.564333406705688434e-01,2.482246047280824097e+00,1.388948517364011037e+00
1.949999999999999956e+00,-2.319047619047619468e-01,-1.989857816476254593e+00,-6.100334108438313585e+00,-5.371799918661094964e+00,-1.081148627549475805e+01,4.275050433411607398e-01,2.482246047280824097e+00,1.400244378835125092e+00
1.949999999999999956e+00,-2.028571428571428470e-01,-2.023523466645534175e+00,-6.224286773446191745e+00,-5.475870750571132817e+00,-1.091962349921986153e+01,3.974906795038086749e-01,2.482246047280824097e+00,1.412010926287117663e+00
1.949999999999999956e+00,-1.738095238095238582e-01,-2.058459585676881254e+00,-6.354406572987848278e+00,-5.584603122794471020e+00,-1.103538684176319862e+01,3.663133914505825595e-01,2.482246047280824097e+00,1.424280461169655787e+00
1.949999999999999956e+00,-1.447619047619047583e-01,-2.094742916034865843e+00,-6.491258219333172264e+00,-5.698332263582379653e+00,-1.115911504250818886e+01,3.338877156150680259e-01,2.482246047280824097e+00,1.437088543181388012e+00
1.949999999999999956e+00,-1.157142857142857695e-01,-2.132456668733406335e+00,-6.635501133214285474e+00,-5.817427064068926512e+00,-1.129119647480442978e+01,3.001180733157327585e-01,2.482246047280824097e+00,1.450474503755784017e+00
1.949999999999999956e+00,-8.666666666666666963e-02,-2.171691230238876003e+00,-6.787919533147433349e+00,-5.942294466637389583e+00,-1.143207359490592978e+01,2.648968236284528488e-01,2.482246047280824541e+00,1.464482106471405087e+00
1.949999999999999956e+00,-5.761904761904768080e-02,-2.212544965059114244e+00,-6.949469294229403182e+00,-6.073384563583847928e+00,-1.158224834926699032e+01,2.281016643848011727e-01,2.482246047280824097e+00,1.479160431181236746e+00
1.949999999999999956e+00,-2.857142857142858094e-02,-2.255125129850998444e+00,-7.121356117816194597e+00,-6.211196544702349165e+00,-1.174228868379446133e+01,1.895920014019948363e-01,2.482246047280824097e+00,1.494565121946627162e+00
1.949999999999999956e+00,4.761904761904078853e-04,-2.299548917214025323e+00,-7.305177996934747675e+00,-6.356285664245381994e+00,-1.191283633847392665e+01,1.492035494458630041e-01,2.482246047280824097e+00,1.510760277166752097e+00
1.949999999999999956e+00,2.952380952380950774e-02,-2.345944651390352131e+00,-7.503217532491369468e+00,-6.509271438153599654e+00,-1.209461615954215574e+01,1.067395627697501626e-01,2.482246047280824097e+00,1.527821600354958953e+00
1.949999999999999956e+00,5.857142857142860759e-02,-2.394453163579433497e+00,-7.719152961787774991e+00,-6.670847334009265772e+00,-1.228844722225369068e+01,6.195460564444443818e-02,2.482246047280824097e+00,1.545842416397458230e+00
1.949999999999999956e+00,8.761904761904759642e-02,-2.445229377225350387e+00,-7.960339165073088807e+00,-6.841792282396759184e+00,-1.249525613428983206e+01,1.451750020700431909e-02,2.482246047280824097e+00,1.564947859556559351e+00
1.949999999999999956e+00,1.166666666666665853e-01,-2.498444143971065401e+00,-8.251347884734357763e+00,-7.022984424045586316e+00,-1.271609298839726776e+01,-3.611771217906240006e-02,2.482246047280824097e+00,1.585345715909653563e+00
2.075000000000000178e+00,-9.000000000000000222e-01,-1.371876339417241963e+00,-4.083812016801444678e+00,-3.661431885652266960e+00,-9.601225834468293030e+00,7.556583884522856120e-01,2.482246047280824097e+00,1.275284625374369929e+00
2.075000000000000178e+00,-8.709523809523809224e-01,-1.387687481874711137e+00,-4.135829026144021370e+00,-3.707385716542648257e+00,-9.531728473539422097e+00,7.398468740924011300e-01,2.482246047280824097e+00,1.281124509304654158e+00
2.075000000000000178e+00,-8.419047619047619335e-01,-1.403894041858404718e+00,-4.189356556582175983e+00,-3.754646573349386340e+00,-9.477277937713202149e+00,7.236718911697891388e-01,2.482246047280824097e+00,1.287119745261118053e+00
2.075000000000000178e+00,-8.128571428571428337e-01,-1.420511638951452937e+00,-4.244465018016791547e+00,-3.803273494385756681e+00,-9.435811514052414140e+00,7.071182517407641477e-01,2.482246047280824097e+00,1.293277102144552160e+00
2.075000000000000178e+00,-7.838095238095238448e-01,-1.437556745935253177e+00,-4.301229436651197169e+00,-3.853329206731246348e+00,-9.405740753223053474e+00,6.901698429233625864e-01,2.482246047280824097e+00,1.299603753997948585e+00
2.075000000000000178e+00,-7.547619047619047450e-01,-1.455046748497385245e+00,-4.359729854275026462e+00,-3.904880422612146962e+00,-9.385824607630731009e+00,6.728095521840191662e-01,2.482246047280824097e+00,1.306107310730906024e+00
2.075000000000000178e+00,-7.257142857142857562e-01,-1.473000010551970052e+00,-4.420051771658156881e+00,-3.957998165056364481e+00,-9.375082918897819084e+00,6.550191850083038059e-01,2.482246047280824097e+00,1.312795851669954939e+00
2.075000000000000178e+00,-6.966666666666666563e-01,-1.491435944736884567e+00,-4.482286642191210646e+00,-4.012758126276700033e+00,-9.372735841382583644e+00,6.367793740029468186e-01,2.482246047280824097e+00,1.319677962243578140e+00
2.075000000000000178e+00,-6.676190476190476675e-01,-1.510375089777312940e+00,-4.546532422996119926e+00,-4.069241062706235645e+00,-9.378160470262020709e+00,6.180694783322296937e-01,2.482246047280824097e+00,1.326762774150849644e+00
2.075000000000000178e+00,-6.385714285714285676e-01,-1.529839194372836442e+00,-4.612894191998858417e+00,-4.127533231155022797e+00,-9.390859200351078684e+00,5.988674722213357393e-01,2.482246047280824097e+00,1.334060009409143488e+00
2.075000000000000178e+00,-6.095238095238095788e-01,-1.549851309022282519e+00,-4.681484841095532090e+00,-4.187726871204641377e+00,-9.410436281110245105e+00,5.791498210567744831e-01,2.482246047280824097e+00,1.341580028730605001e+00
2.075000000000000178e+00,-5.804761904761904789e-01,-1.570435886417610005e+00,-4.752425857487320826e+00,-4.249920739686626092e+00,-9.436580226179533071e+00,5.588913433721818258e-01,2.482246047280824097e+00,1.349333884740646194e+00
2.075000000000000178e+00,-5.514285714285713791e-01,-1.591618891338066222e+00,-4.825848207798418166e+00,-4.314220703968675963e+00,-9.469050491051168805e+00,5.380650567173187460e-01,2.482246047280824097e+00,1.357333380626813080e+00
2.075000000000000178e+00,-5.223809523809523903e-01,-1.613427920824921147e+00,-4.901893342623946381e+00,-4.380740401774215975e+00,-9.507667323195772013e+00,5.166420050569310307e-01,2.482246047280824097e+00,1.365591134895733694e+00
2.075000000000000178e+00,-4.933333333333333459e-01,-1.635892336923090440e+00,-4.980714343238610731e+00,-4.449601976457453922e+00,-9.552304015310193464e+00,4.945910649186746610e-01,2.482246047280824097e+00,1.374120653023213068e+00
2.075000000000000178e+00,-4.642857142857143016e-01,-1.659043411801575552e+00,-5.062477237312800860e+00,-4.520936898050358366e+00,-9.602881014140882243e+00,4.718787269847039556e-01,2.482246047280824097e+00,1.382936406912940841e+00
2.075000000000000178e+00,-4.352380952380952572e-01,-1.682914488207214232e+00,-5.147362517199328913e+00,-4.594886882047440224e+00,-9.659361491169191183e+00,4.484688491722526593e-01,2.482246047280824541e+00,1.392053923239558122e+00
2.075000000000000178e+00,-4.061904761904762129e-01,-1.707541156260951709e+00,-5.235566903398667371e+00,-4.671604919853388438e+00,-9.721748090300577516e+00,4.243223764367465844e-01,2.482246047280824097e+00,1.401489881951736072e+00
2.075000000000000178e+00,-3.771428571428571130e-01,-1.732961448855525388e+00,-5.327305407883736521e+00,-4.751256437135757515e+00,-9.790080646321701607e+00,3.993970215048282535e-01,2.482246047280824097e+00,1.411262226464209180e+00
2.075000000000000178e+00,-3.480952380952381242e-01,-1.759216058182018649e+00,-5.422813768743701246e+00,-4.834020599096255921e+00,-9.864434725945580240e+00,3.736468994308533298e-01,2.482246047280824097e+00,1.421390287394576291e+00
2.075000000000000178e+00,-3.190476190476190244e-01,-1.786348575808880845e+00,-5.522351349979193635e+00,-4.920091784985348937e+00,-9.944920887229926620e+00,3.470221071637779042e-01,2.482246047280824097e+00,1.431894922131254022e+00
2.075000000000000178e+00,-2.900000000000000355e-01,-1.814405759447859978e+00,-5.626204637582432611e+00,-5.009681258161894135e+00,-1.003168458746466385e+01,3.194682370573622698e-01,2.482246047280824097e+00,1.442798673099200180e+00
2.075000000000000178e+00,-2.609523809523809357e-01,-1.843437830174972536e+00,-5.734691504883435265e+00,-5.103019062796178673e+00,-1.012490669740082971e+01,2.909258102222879172e-01,2.482246047280824097e+00,1.454125948391919554e+00
2.075000000000000178e+00,-2.319047619047619468e-01,-1.873498804007586616e+00,-5.848166503549919959e+00,-5.200356184116114555e+00,-1.022480460320087836e+01,2.613296114426887362e-01,2.482246047280824097e+00,1.465903229577707023e+00
2.075000000000000178e+00,-2.028571428571428470e-01,-1.904646862823818454e+00,-5.967027546470289323e+00,-5.301967016153654733e+00,-1.033163389844580138e+01,2.306079014833792296e-01,2.482246047280824097e+00,1.478159313156957033e+00
2.075000000000000178e+00,-1.738095238095238582e-01,-1.936944769940408984e+00,-6.091724537316111743e+00,-5.408152189561228340e+00,-1.044569068831293279e+01,1.986814740382454869e-01,2.482246047280824097e+00,1.490925594674254118e+00
2.075000000000000178e+00,-1.447619047619047583e-01,-1.970460337024781960e+00,-6.222770815738911665e+00,-5.519241822633079053e+00,-1.056731454782259938e+01,1.654625116583272604e-01,2.482246047280824097e+00,1.504236408457253926e+00
2.075000000000000178e+00,-1.157142857142857695e-01,-2.005266949832021250e+00,-6.360758835146860690e+00,-5.635599271687693701e+00,-1.069689219694844518e+01,1.308531747565359060e-01,2.482246047280824097e+00,1.518129442444447141e+00
2.075000000000000178e+00,-8.666666666666666963e-02,-2.041444161900125565e+00,-6.506382500960103066e+00,-5.757625473099843738e+00,-1.083486197852204569e+01,9.474382451244667269e-02,2.482246047280824097e+00,1.532646258676708673e+00
2.075000000000000178e+00,-5.761904761904768080e-02,-2.079078366341894135e+00,-6.660470586713425512e+00,-5.885763989357780446e+00,-1.098171925147993910e+01,5.701072264496420683e-02,2.482246047280824541e+00,1.547832970091761018e+00
2.075000000000000178e+00,-2.857142857142858094e-02,-2.118263558493184373e+00,-6.824039832741375378e+00,-6.020506896681470543e+00,-1.113802284355763739e+01,1.751294340568726460e-02,2.482246047280824097e+00,1.563741162842470445e+00
2.075000000000000178e+00,4.761904761904078853e-04,-2.159102203344430038e+00,-6.998386054661088984e+00,-6.162401683429147958e+00,-1.130440274582205618e+01,-2.391198426770541063e-02,2.482246047280824097e+00,1.580429233520077581e+00
2.075000000000000178e+00,2.952380952380950774e-02,-2.201706227131681626e+00,-7.185256930213633098e+00,-6.312059368693990535e+00,-1.148156927875460731e+01,-6.745467414774181103e-02,2.482246047280824097e+00,1.597964494550297099e+00
2.075000000000000178e+00,5.857142857142860759e-02,-2.246198151181262315e+00,-7.387227908494415018e+00,-6.470164101747848839e+00,-1.167032401881978032e+01,-1.133449460737660508e-01,2.482246047280824097e+00,1.616426883162976225e+00
2.075000000000000178e+00,8.761904761904759642e-02,-2.292712396238862471e+00,-7.608706048800086386e+00,-6.637484568838596388e+00,-1.187157284979888772e+01,-1.618735340872283213e-01,2.482246047280824097e+00,1.635916645104676048e+00
2.075000000000000178e+00,1.166666666666665853e-01,-2.341396784936202291e+00,-7.859783801390995528e+00,-6.814887619066475999e+00,-1.208634159945234998e+01,-2.134479010884133832e-01,2.482246047280824097e+00,1.656575142883841556e+00
2.200000000000000178e+00,-9.000000000000000222e-01,-1.300439094052417754e+00,-3.925981150970646816e+00,-3.546040180444112622e+00,-8.959726584357429857e+00,6.096779564772489834e-01,2.482246047280824097e+00,1.329948546046145541e+00
2.200000000000000178e+00,-8.709523809523809224e-01,-1.315269949262370508e+00,-3.976195801955808573e+00,-3.590865723467852710e+00,-8.909034531265552559e+00,5.936340600109926147e-01,2.482246047280824097e+00,1.336053333452227543e+00
2.200000000000000178e+00,-8.419047619047619335e-01,-1.330466520017672183e+00,-4.027869674254287879e+00,-3.636971774417873338e+00,-8.870599842381318823e+00,5.772150664274303677e-01,2.482246047280824097e+00,1.342319353678403493e+00
2.200000000000000178e+00,-8.128571428571428337e-01,-1.346043027723590635e+00,-4.081070646553840220e+00,-3.684416354850429620e+00,-8.842888924851806109e+00,5.604051714852664734e-01,2.482246047280824097e+00,1.348753523672581389e+00
2.200000000000000178e+00,-7.838095238095238448e-01,-1.362014457838227388e+00,-4.135871023893898268e+00,-3.733261120347466822e+00,-8.824708193460923056e+00,5.431876053251291081e-01,2.482246047280824097e+00,1.355363164842144474e+00
2.200000000000000178e+00,-7.547619047619047450e-01,-1.378396612416798117e+00,-4.192347916677066522e+00,-3.783571653066736040e+00,-8.815117750939045038e+00,5.255445545396866258e-01,2.482246047280824097e+00,1.362156032754199275e+00
2.200000000000000178e+00,-7.257142857142857562e-01,-1.395206167481236159e+00,-4.250583660885223658e+00,-3.835417783242802248e+00,-8.813371377422850372e+00,5.074570763423522646e-01,2.482246047280824097e+00,1.369140349451434702e+00
2.200000000000000178e+00,-6.966666666666666563e-01,-1.412460735234946974e+00,-4.310666285062975334e+00,-3.888873943046193826e+00,-8.818873819551415139e+00,4.889050038568152345e-01,2.482246047280824541e+00,1.376324838653316673e+00
2.200000000000000178e+00,-6.676190476190476675e-01,-1.430178931262224395e+00,-4.372690030610828948e+00,-3.944019556689937200e+00,-8.831149785498498161e+00,4.698668414043011277e-01,2.482246047280824097e+00,1.383718764144913127e+00
2.200000000000000178e+00,-6.385714285714285676e-01,-1.448380448578565849e+00,-4.436755933093345483e+00,-4.000939471215440690e+00,-8.849821063853475778e+00,4.503196484943507438e-01,2.482246047280824097e+00,1.391331971692964853e+00
2.200000000000000178e+00,-6.095238095238095788e-01,-1.467086137529527656e+00,-4.502972473600067360e+00,-4.059724433014160638e+00,-8.874589410097669884e+00,4.302389110225967594e-01,2.482246047280824097e+00,1.399174934871801002e+00
2.200000000000000178e+00,-5.804761904761904789e-01,-1.486318093370104121e+00,-4.571456310779180576e+00,-4.120471615888336991e+00,-8.905223614183926273e+00,4.095983979386071949e-01,2.482246047280824097e+00,1.407258805231510257e+00
2.200000000000000178e+00,-5.514285714285713791e-01,-1.506099752052996177e+00,-4.642333107191366715e+00,-4.183285207301633335e+00,-8.941549659176999398e+00,3.883700013597651823e-01,2.482246047280824097e+00,1.415595467298854437e+00
2.200000000000000178e+00,-5.223809523809523903e-01,-1.526455994871621868e+00,-4.715738463558477811e+00,-4.248277060484815237e+00,-8.983443208892877507e+00,3.665235577623422447e-01,2.482246047280824097e+00,1.424197598969678458e+00
2.200000000000000178e+00,-4.933333333333333459e-01,-1.547413263376590242e+00,-4.791818982449448150e+00,-4.315567421230955603e+00,-9.030823883989674172e+00,3.440266474641651695e-01,2.482246047280824097e+00,1.433078737932548696e+00
2.200000000000000178e+00,-4.642857142857143016e-01,-1.568999685320756843e+00,-4.870733482396549796e+00,-4.385285739611481048e+00,-9.083650938697099164e+00,3.208443691061386160e-01,2.482246047280824097e+00,1.442253354860456360e+00
2.200000000000000178e+00,-4.352380952380952572e-01,-1.591245213281017090e+00,-4.952654391843459791e+00,-4.457571578473786822e+00,-9.141920057806432354e+00,2.969390852179172868e-01,2.482246047280824097e+00,1.451736934225317910e+00
2.200000000000000178e+00,-4.061904761904762129e-01,-1.614181777284414032e+00,-5.037769358643552131e+00,-4.532575632527096055e+00,-9.205661070647526145e+00,2.722701341836936129e-01,2.482246047280824097e+00,1.461546063735256196e+00
2.200000000000000178e+00,-3.771428571428571130e-01,-1.637843453187255660e+00,-5.126283120378944957e+00,-4.610460874125273278e+00,-9.274936435305473736e+00,2.467935029630738408e-01,2.482246047280824097e+00,1.471698533576585533e+00
2.200000000000000178e+00,-3.480952380952381242e-01,-1.662266648575791317e+00,-5.218419693906088952e+00,-4.691403844604634443e+00,-9.349840388764771859e+00,2.204614537082377201e-01,2.482246047280824541e+00,1.482213446874719009e+00
2.200000000000000178e+00,-3.190476190476190244e-01,-1.687490308852773513e+00,-5.314424960292774003e+00,-4.775596113323659075e+00,-9.430498691425468039e+00,1.932220958660568755e-01,2.482246047280824097e+00,1.493111343091113818e+00
2.200000000000000178e+00,-2.900000000000000355e-01,-1.713556145371736728e+00,-5.414569746614994905e+00,-4.863245930501412850e+00,-9.517068920587375302e+00,1.650188933388207491e-01,2.482246047280824097e+00,1.504414336477784664e+00
2.200000000000000178e+00,-2.609523809523809357e-01,-1.740508889173439044e+00,-5.519153541948281116e+00,-4.954580104714431776e+00,-9.609741289249042140e+00,1.357900936175751305e-01,2.482246047280824097e+00,1.516146272264917938e+00
2.200000000000000178e+00,-2.319047619047619468e-01,-1.768396573460226495e+00,-5.628509040151365994e+00,-5.049846141677558187e+00,-9.708739985558908714e+00,1.054680622222908259e-01,2.482246047280824097e+00,1.528332904037475570e+00
2.200000000000000178e+00,-2.028571428571428470e-01,-1.797270848516322239e+00,-5.743007779433800586e+00,-5.149314687945166114e+00,-9.814325045769640710e+00,7.397850085377344342e-02,2.482246047280824097e+00,1.541002096889236617e+00
2.200000000000000178e+00,-1.738095238095238582e-01,-1.827187333764296762e+00,-5.863067286493077290e+00,-5.253282331726723875e+00,-9.926794790652671452e+00,4.123952069129654951e-02,2.482246047280824541e+00,1.554184062640019626e+00
2.200000000000000178e+00,-1.447619047619047583e-01,-1.858206012467764401e+00,-5.989160326692831937e+00,-5.362074823515754041e+00,-1.004648887299242332e+01,7.160532098908600762e-03,2.482246047280824097e+00,1.567911636034784228e+00
2.200000000000000178e+00,-1.157142857142857695e-01,-1.890391674493989482e+00,-6.121827235988281046e+00,-5.476050792171887949e+00,-1.017379200294347896e+01,-2.835910339179198436e-02,2.482246047280824097e+00,1.582220605084114107e+00
2.200000000000000178e+00,-8.666666666666666963e-02,-1.923814414949301499e+00,-6.261692928315818030e+00,-5.595606048138358268e+00,-1.030913843970526500e+01,-6.543173728786627619e-02,2.482246047280824541e+00,1.597150115826734051e+00
2.200000000000000178e+00,-5.761904761904768080e-02,-1.958550196870330051e+00,-6.409491374757907423e+00,-5.721178585452014076e+00,-1.045301736329477826e+01,-1.041835334771709642e-01,2.482246047280824097e+00,1.612743184331620450e+00
2.200000000000000178e+00,-2.857142857142858094e-02,-1.994681487668588105e+00,-6.566102747739297918e+00,-5.853254419224352745e+00,-1.060597927055781398e+01,-1.447571932435158248e-01,2.482246047280824097e+00,1.629047372083090250e+00
2.200000000000000178e+00,4.761904761904078853e-04,-2.032297980897130874e+00,-6.732613664894615546e+00,-5.992374426827642431e+00,-1.076864357667822780e+01,-1.873156328057727915e-01,2.482246047280824097e+00,1.646115727285982988e+00
2.200000000000000178e+00,2.952380952380950774e-02,-2.071497418013067193e+00,-6.910423615426411814e+00,-6.139142400896481000e+00,-1.094170764953854125e+01,-2.320472246243325820e-01,2.482246047280824097e+00,1.664008194947494745e+00
2.200000000000000178e+00,5.857142857142860759e-02,-2.112386525056634934e+00,-7.101455552856905662e+00,-6.294234573453067583e+00,-1.112595756225882759e+01,-2.791738807986721138e-01,2.482246047280824097e+00,1.682793940615097572e+00
2.200000000000000178e+00,8.761904761904759642e-02,-2.155082085595325658e+00,-7.308644667430835185e+00,-6.458410935770522165e+00,-1.132228092296218591e+01,-3.289650912310048136e-01,2.482246047280824097e+00,1.702555712460944060e+00
2.200000000000000178e+00,1.166666666666665853e-01,-2.199712171587309140e+00,-7.537394637024121380e+00,-6.632528763615684220e+00,-1.153168223550317428e+01,-3.817674245927088483e-01,2.482246047280824097e+00,1.723399774189819267e+00
2.200000000000000178e+00,1.457142857142857961e-01,-2.246417563200742595e+00,-7.802732528536823864e+00,-6.817558868084406143e+00,-1.175530136763614308e+01,-4.380933723211331010e-01,2.482246047280824097e+00,1.745488041766142917e+00
2.325000000000000178e+00,-9.000000000000000222e-01,-1.235538740288286474e+00,-3.787077983312774343e+00,-3.443884308877647626e+00,-8.401755161609465006e+00,4.731947350712024658e-01,2.482246047280824541e+00,1.382424779738489207e+00
2.325000000000000178e+00,-8.709523809523809224e-01,-1.249474517480102298e+00,-3.835718657284810984e+00,-3.487716155030075704e+00,-8.366095971915466833e+00,4.568893392210552351e-01,2.482246047280824097e+00,1.388770827334204094e+00
2.325000000000000178e+00,-8.419047619047619335e-01,-1.263749003473457533e+00,-3.885774135573878851e+00,-3.532805298104992886e+00,-8.340549504649402479e+00,4.401966690778834068e-01,2.482246047280824097e+00,1.395282991387713611e+00
2.325000000000000178e+00,-8.128571428571428337e-01,-1.278375159800625216e+00,-3.937310126329781390e+00,-3.579208875353800501e+00,-8.323966957996571381e+00,4.231002787001177934e-01,2.482246047280824097e+00,1.401968278185261596e+00
2.325000000000000178e+00,-7.838095238095238448e-01,-1.293366632764484159e+00,-3.990396602789501923e+00,-3.626987610751591262e+00,-8.315446348002433652e+00,4.055827139363451517e-01,2.482246047280824097e+00,1.408834093636601725e+00
2.325000000000000178e+00,-7.547619047619047450e-01,-1.308737799620397269e+00,-4.045108166598407884e+00,-3.676206104261324548e+00,-8.314273088097801079e+00,3.876254310773876721e-01,2.482246047280824097e+00,1.415888271633269913e+00
2.325000000000000178e+00,-7.257142857142857562e-01,-1.324503818942314171e+00,-4.101524446579182026e+00,-3.726933149766213926e+00,-8.319877945090755844e+00,3.692087072934246428e-01,2.482246047280824097e+00,1.423139104790279053e+00
2.325000000000000178e+00,-6.966666666666666563e-01,-1.340680685546205009e+00,-4.159730545109565192e+00,-3.779242085049942634e+00,-8.331806666353280377e+00,3.503115418483463417e-01,2.482246047280824541e+00,1.430595377801711310e+00
2.325000000000000178e+00,-6.676190476190476675e-01,-1.357285289105076176e+00,-4.219817532405207849e+00,-3.833211177683910620e+00,-8.349697654134367042e+00,3.309115469359242834e-01,2.482246047280824097e+00,1.438266403666181414e+00
2.325000000000000178e+00,-6.385714285714285676e-01,-1.374335479071298272e+00,-4.281882998124789452e+00,-3.888924051206439803e+00,-8.373265319674370488e+00,3.109848268091865431e-01,2.482246047280824097e+00,1.446162063066984693e+00
2.325000000000000178e+00,-6.095238095238095788e-01,-1.391850134756657864e+00,-4.346031668190776465e+00,-3.946470156621003866e+00,-8.402287532692030325e+00,2.905058436703613078e-01,2.482246047280824097e+00,1.454292847224524676e+00
2.325000000000000178e+00,-5.804761904761904789e-01,-1.409849241313236634e+00,-4.412376096436614326e+00,-4.005945294964414316e+00,-8.436596083171584937e+00,2.694472685473732199e-01,2.482246047280824097e+00,1.462669904576053170e+00
2.325000000000000178e+00,-5.514285714285713791e-01,-1.428353973612270567e+00,-4.481037443134717080e+00,-4.067452197543851788e+00,-8.476069401488460997e+00,2.477798150959844292e-01,2.482246047280824097e+00,1.471305091680801258e+00
2.325000000000000178e+00,-5.223809523809523903e-01,-1.447386787172798339e+00,-4.552146352406278851e+00,-4.131101171450507259e+00,-8.520627003884744255e+00,2.254720539239735144e-01,2.482246047280824097e+00,1.480211028798423811e+00
2.325000000000000178e+00,-4.933333333333333459e-01,-1.466971517684500181e+00,-4.625843947935170064e+00,-4.197010819115233993e+00,-8.570225281816679086e+00,2.024902046221082608e-01,2.482246047280824097e+00,1.489401160646963040e+00
2.325000000000000178e+00,-4.642857142857143016e-01,-1.487133490566206584e+00,-4.702282964836302703e+00,-4.265308842063284089e+00,-8.624854359682736060e+00,1.787979021892342479e-01,2.482246047280824097e+00,1.498889822915413506e+00
2.325000000000000178e+00,-4.352380952380952572e-01,-1.507899640540153907e+00,-4.781629043421895986e+00,-4.336132940640337274e+00,-8.684535821066658556e+00,1.543559339336164071e-01,2.482246047280824097e+00,1.508692315188452371e+00
2.325000000000000178e+00,-4.061904761904762129e-01,-1.529298643742293518e+00,-4.864062215258146971e+00,-4.409631823420255614e+00,-8.749321158715311242e+00,1.291219421908559040e-01,2.482246047280824097e+00,1.518824981041225541e+00
2.325000000000000178e+00,-3.771428571428571130e-01,-1.551361062482391251e+00,-4.949778619812847502e+00,-4.485966342285637509e+00,-8.819290844509195537e+00,1.030500872817155800e-01,2.482246047280824097e+00,1.529305296186286744e+00
2.325000000000000178e+00,-3.480952380952381242e-01,-1.574119505371671446e+00,-5.038992500244662054e+00,-4.565310771915085830e+00,-8.894553947060591881e+00,7.609066398877262216e-02,2.482246047280824097e+00,1.540151965711760385e+00
2.325000000000000178e+00,-3.190476190476190244e-01,-1.597608803956401591e+00,-5.131938540764461543e+00,-4.647854255671250101e+00,-8.975248249321708727e+00,4.818966338685146122e-02,2.482246047280824097e+00,1.551385031652779745e+00
2.325000000000000178e+00,-2.900000000000000355e-01,-1.621866208172872748e+00,-5.228874627247855678e+00,-4.733802443815375405e+00,-9.061540838853625601e+00,1.928827001742955405e-02,2.482246047280824097e+00,1.563025992407355513e+00
2.325000000000000178e+00,-2.609523809523809357e-01,-1.646931603081682072e+00,-5.330085139875740730e+00,-4.823379354712202804e+00,-9.153629160773421702e+00,-1.067771799422392864e-02,2.482246047280824097e+00,1.575097935874400168e+00
2.325000000000000178e+00,-2.319047619047619468e-01,-1.672847749421557229e+00,-5.435884925837138226e+00,-4.916829495417331941e+00,-9.251742539081902805e+00,-4.177856143324573668e-02,2.482246047280824097e+00,1.587625688705430305e+00
2.325000000000000178e+00,-2.028571428571428470e-01,-1.699660551440075107e+00,-5.546624158530267579e+00,-5.014420285018398538e+00,-9.356144187005419610e+00,-7.409136489466863762e-02,2.482246047280824097e+00,1.600635984803439493e+00
2.325000000000000178e+00,-1.738095238095238582e-01,-1.727419355375730659e+00,-5.662694379119459498e+00,-5.116444832614202909e+00,-9.467133742158411636e+00,-1.077009997184619206e-01,2.482246047280824097e+00,1.614157657307822236e+00
2.325000000000000178e+00,-1.447619047619047583e-01,-1.756177283153735669e+00,-5.784536157729337269e+00,-5.223225132262977688e+00,-9.585050378307629515e+00,-1.427011988489452210e-01,2.482246047280824541e+00,1.628221860005579336e+00
2.325000000000000178e+00,-1.157142857142857695e-01,-1.785991605514148484e+00,-5.912649046282519194e+00,-5.335115750116586675e+00,-9.710276563421802010e+00,-1.791958695816273650e-01,2.482246047280824097e+00,1.642862326819651386e+00
2.325000000000000178e+00,-8.666666666666666963e-02,-1.816924161808437521e+00,-6.047604895298710481e+00,-5.452508094918145254e+00,-9.843242554192002558e+00,-2.173006885124713072e-01,2.482246047280824097e+00,1.658115682508913613e+00
2.325000000000000178e+00,-5.761904761904768080e-02,-1.849041830941565934e+00,-6.190066337664023699e+00,-5.575835382925476758e+00,-9.984431741516120340e+00,-2.571450722170333658e-01,2.482246047280824097e+00,1.674021825447308487e+00
2.325000000000000178e+00,-2.857142857142858094e-02,-1.882417063524813416e+00,-6.340813642639222536e+00,-5.705578433240889424e+00,-1.013438699086822048e+01,-2.988746663257339509e-01,2.482246047280824097e+00,1.690624417344012809e+00
2.325000000000000178e+00,4.761904761904078853e-04,-1.917128483172497733e+00,-6.500786036318226380e+00,-5.842272460915228116e+00,-1.029371815758406683e+01,-3.426545839912537028e-01,2.482246047280824097e+00,1.707971541585034725e+00
2.325000000000000178e+00,2.952380952380950774e-02,-1.953261567923711528e+00,-6.671150109012478957e+00,-5.986515075006855646e+00,-1.046311100225909207e+01,-3.886737969035332640e-01,2.482246047280824097e+00,1.726116647030641271e+00
2.325000000000000178e+00,5.857142857142860759e-02,-1.990909425623145212e+00,-6.853424371449358787e+00,-6.138975739580570412e+00,-1.064333778827620769e+01,-4.371514532261612240e-01,2.482246047280824097e+00,1.745120018268429440e+00
2.325000000000000178e+00,8.761904761904759642e-02,-2.030173677055109316e+00,-7.049737154635315584e+00,-6.300407020925185009e+00,-1.083526991597182842e+01,-4.883468096074835008e-01,2.482246047280824097e+00,1.765051328942189190e+00
2.325000000000000178e+00,1.166666666666665853e-01,-2.071165466867333382e+00,-7.263469805631880938e+00,-6.471658028799242679e+00,-1.103989304113392933e+01,-5.425771583704297463e-01,2.482246047280824097e+00,1.785994789717978648e+00
2.325000000000000178e+00,1.457142857142857961e-01,-2.114006623190947565e+00,-7.501441877928792579e+00,-6.653690569794953547e+00,-1.125832524647484689e+01,-6.002587165530318680e-01,2.482246047280824097e+00,1.808062225437130355e+00
2.325000000000000178e+00,1.747619047619047850e-01,-2.158830992695853102e+00,-7.789845542774186171e+00,-6.847598675978616711e+00,-1.149183899312217783e+01,-6.620619755754879598e-01,2.482246047280824097e+00,1.831447498631050053e+00
2.450000000000000178e+00,-9.000000000000000222e-01,-1.176197972762022204e+00,-3.664082532503783352e+00,-3.352903712686805093e+00,-7.913019597231978786e+00,3.447763610806425794e-01,2.482246047280824097e+00,1.432782411996634142e+00
2.450000000000000178e+00,-8.709523809523809224e-01,-1.189312692550271056e+00,-3.711340637301298706e+00,-3.395855268166564134e+00,-7.889471219427013793e+00,3.281833431136629287e-01,2.482246047280824097e+00,1.439346453715423468e+00
2.450000000000000178e+00,-8.419047619047619335e-01,-1.202741493338576939e+00,-3.759974883618203201e+00,-3.440043687371163728e+00,-7.874369503711358576e+00,3.111903562663779210e-01,2.482246047280824097e+00,1.446080543648558647e+00
2.450000000000000178e+00,-8.128571428571428337e-01,-1.216496199951937474e+00,-3.810049109885223384e+00,-3.485525334120767926e+00,-7.866848509642900389e+00,2.937802886288074511e-01,2.482246047280824097e+00,1.452991724099369719e+00
2.450000000000000178e+00,-7.838095238095238448e-01,-1.230589251174342591e+00,-3.861631283127376246e+00,-3.532360117857406667e+00,-7.866223665183420977e+00,2.759349756765345218e-01,2.482246047280824541e+00,1.460087428662814490e+00
2.450000000000000178e+00,-7.547619047619047450e-01,-1.245033740714532877e+00,-3.914793846435482116e+00,-3.580611780073742256e+00,-7.871950412966747024e+00,2.576351153166837049e-01,2.482246047280824097e+00,1.467375509008841838e+00
2.450000000000000178e+00,-7.257142857142857562e-01,-1.259843461410866450e+00,-3.969614103579128805e+00,-3.630348209172064244e+00,-7.883594477424539448e+00,2.388601743796817389e-01,2.482246047280824097e+00,1.474864263806665132e+00
2.450000000000000178e+00,-6.966666666666666563e-01,-1.275032953198203867e+00,-4.026174646432791882e+00,-3.681641787098021812e+00,-7.900810094268531536e+00,2.195882855144147827e-01,2.482246047280824097e+00,1.482562469982571463e+00
2.450000000000000178e+00,-6.676190476190476675e-01,-1.290617555177873355e+00,-4.084563826721915092e+00,-3.734569771589227649e+00,-7.923323828579333039e+00,1.997961332935604684e-01,2.482246047280824097e+00,1.490479416523047940e+00
2.450000000000000178e+00,-6.385714285714285676e-01,-1.306613461910298035e+00,-4.144876284336703520e+00,-3.789214718390069514e+00,-7.950922401964598762e+00,1.794588281593076373e-01,2.482246047280824097e+00,1.498624941056337034e+00
2.450000000000000178e+00,-6.095238095238095788e-01,-1.323037784909594228e+00,-4.207213535035784879e+00,-3.845664948428693553e+00,-7.983443454404074657e+00,1.585497666323484878e-01,2.482246047280824097e+00,1.507009469469379415e+00
2.450000000000000178e+00,-5.804761904761904789e-01,-1.339908619191577221e+00,-4.271684628729047084e+00,-3.904015065656621708e+00,-8.020768495985020508e+00,1.370404759625853675e-01,2.482246047280824541e+00,1.515644058843860220e+00
2.450000000000000178e+00,-5.514285714285713791e-01,-1.357245116078700908e+00,-4.338406888880210310e+00,-3.964366532121643250e+00,-8.062817523789627572e+00,1.149004411106087087e-01,2.482246047280824097e+00,1.524540444025276331e+00
2.450000000000000178e+00,-5.223809523809523903e-01,-1.375067562529896037e+00,-4.407506743266362825e+00,-4.026828307814750652e+00,-8.109544929288842852e+00,9.209691160482158523e-02,2.482246047280824541e+00,1.533711088173319581e+00
2.450000000000000178e+00,-4.933333333333333459e-01,-1.393397467669601930e+00,-4.479120664305279220e+00,-4.091517564016140085e+00,-8.160936426052947112e+00,6.859468540780011558e-02,2.482246047280824097e+00,1.543169237681294881e+00
2.450000000000000178e+00,-4.642857142857143016e-01,-1.412257657685034307e+00,-4.553396234154568845e+00,-4.158560480217277977e+00,-8.217006801730196486e+00,4.435586643130573492e-02,2.482246047280824097e+00,1.552928981898101135e+00
2.450000000000000178e+00,-4.352380952380952572e-01,-1.431672379430596775e+00,-4.630493357562553314e+00,-4.228093136331851021e+00,-8.277798351936588972e+00,1.933959174210891918e-02,2.482246047280824097e+00,1.563005318140258559e+00
2.450000000000000178e+00,-4.061904761904762129e-01,-1.451667414469004713e+00,-4.710585648795931668e+00,-4.300262513811409448e+00,-8.343379893429981209e+00,-6.498276225762600333e-03,2.482246047280824097e+00,1.573414222546136276e+00
2.450000000000000178e+00,-3.771428571428571130e-01,-1.472270204083439005e+00,-4.793862026069687587e+00,-4.375227621570352277e+00,-8.413846284066325509e+00,-3.320549802702105202e-02,2.482246047280824097e+00,1.584172727403646563e+00
2.450000000000000178e+00,-3.480952380952381242e-01,-1.493509986998300398e+00,-4.880528553173449247e+00,-4.453160765339426952e+00,-8.489318400544421550e+00,-6.083385280397390904e-02,2.482246047280824097e+00,1.595299005681743987e+00
2.450000000000000178e+00,-3.190476190476190244e-01,-1.515417951038009470e+00,-4.970810582710990744e+00,-4.534248982315176590e+00,-8.569943543940626185e+00,-8.943958917445016255e-02,2.482246047280824097e+00,1.606812463623422893e+00
2.450000000000000178e+00,-2.900000000000000355e-01,-1.538027400728172900e+00,-5.064955266403871725e+00,-4.618695666895820118e+00,-8.655896259040289920e+00,-1.190839411837490980e-01,2.482246047280824097e+00,1.618733842426289593e+00
2.450000000000000178e+00,-2.609523809523809357e-01,-1.561373942456542929e+00,-5.163234520959172791e+00,-4.706722417989034568e+00,-8.747379567635769959e+00,-1.498337213013468672e-01,2.482246047280824097e+00,1.631085330266087485e+00
2.450000000000000178e+00,-2.319047619047619468e-01,-1.585495689798299024e+00,-5.265948566515852747e+00,-4.798571144100272079e+00,-8.844626629190706524e+00,-1.817620052981816503e-01,2.482246047280824541e+00,1.643890686240349064e+00
2.450000000000000178e+00,-2.028571428571428470e-01,-1.610433491328116418e+00,-5.373430197144890563e+00,-4.894506469344890753e+00,-8.947902855335513550e+00,-2.149489275985996262e-01,2.482246047280824541e+00,1.657175378274862609e+00
2.450000000000000178e+00,-1.738095238095238582e-01,-1.636231184034664166e+00,-5.486050006450179595e+00,-4.994818492010041133e+00,-9.057508518261089492e+00,-2.494826107474919508e-01,2.482246047280824097e+00,1.670966737729608242e+00
2.450000000000000178e+00,-1.447619047619047583e-01,-1.662935875717444389e+00,-5.604222888424318150e+00,-5.099825957691876077e+00,-9.173781907912644584e+00,-2.854602595717877778e-01,2.482246047280824097e+00,1.685294134507365094e+00
2.450000000000000178e+00,-1.157142857142857695e-01,-1.690598260190606883e+00,-5.728416291481824629e+00,-5.209879921871803710e+00,-9.297103109698060308e+00,-3.229894604295285854e-01,2.482246047280824097e+00,1.700189178159035475e+00
2.450000000000000178e+00,-8.666666666666666963e-02,-1.719272970400470779e+00,-5.859160960830177345e+00,-5.325367992686657281e+00,-9.427898494067811441e+00,-3.621897403004272209e-01,2.482246047280824097e+00,1.715685953250247087e+00
2.450000000000000178e+00,-5.761904761904768080e-02,-1.749018974008141436e+00,-5.997065360638971221e+00,-5.446719264467219546e+00,-9.566646032819397405e+00,-4.031944623607542355e-01,2.482246047280824097e+00,1.731821301960161152e+00
2.450000000000000178e+00,-2.857142857142858094e-02,-1.779900018650244276e+00,-6.142835799861815715e+00,-5.574410077435769217e+00,-9.713881585604333679e+00,-4.461531697298358190e-01,2.482246047280824097e+00,1.748635175214209303e+00
2.450000000000000178e+00,4.761904761904078853e-04,-1.811985133239478962e+00,-6.297305925938601057e+00,-5.708970770239623960e+00,-9.870206335499116079e+00,-4.912345486099805036e-01,2.482246047280824097e+00,1.766171089132505312e+00
2.450000000000000178e+00,2.952380952380950774e-02,-1.845349194964336581e+00,-6.461482720229265730e+00,-5.850993631671666861e+00,-1.003629559676593885e+01,-5.386302907304675314e-01,2.482246047280824097e+00,1.784476754097940709e+00
2.450000000000000178e+00,5.857142857142860759e-02,-1.880073571227495188e+00,-6.636624224836716657e+00,-6.001142308567625427e+00,-1.021290927389160430e+01,-5.885603517988878819e-01,2.482246047280824097e+00,1.803605008610807969e+00
2.450000000000000178e+00,8.761904761904759642e-02,-1.916246848934067826e+00,-6.824385560088171765e+00,-6.160162991964926782e+00,-1.040090432235875362e+01,-6.412805861523975803e-01,2.482246047280824097e+00,1.823615342166227782e+00
2.450000000000000178e+00,1.166666666666665853e-01,-1.953965665841309818e+00,-7.027136286669597887e+00,-6.328897787883826176e+00,-1.060124965358989435e+01,-6.970949872088127997e-01,2.482246047280824097e+00,1.844576699549915100e+00
2.450000000000000178e+00,1.457142857142857961e-01,-1.993335660264245357e+00,-7.248818333389877466e+00,-6.508300789062079872e+00,-1.081504404581933620e+01,-7.563787482377062332e-01,2.482246047280824097e+00,1.866573597967175147e+00
2.450000000000000178e+00,1.747619047619047850e-01,-2.034472560049529477e+00,-7.498375817993732539e+00,-6.699457508652059801e+00,-1.104353777917546431e+01,-8.196364117697714224e-01,2.482246047280824097e+00,1.889723787485453110e+00
2.575000000000000178e+00,-9.000000000000000222e-01,-1.121632794889512175e+00,-3.554571648749446755e+00,-3.271439684093252254e+00,-7.482200022496765968e+00,2.232648998395821427e-01,2.482246047280824097e+00,1.481092999037358471e+00
2.575000000000000178e+00,-8.709523809523809224e-01,-1.133991409223015889e+00,-3.600608907383950452e+00,-3.313607309047597926e+00,-7.468477618746330648e+00,2.063606545196405295e-01,2.482246047280824097e+00,1.487852411985917334e+00
2.575000000000000178e+00,-8.419047619047619335e-01,-1.146641592853743674e+00,-3.647988490688996777e+00,-3.356993717027076052e+00,-7.461894911667974029e+00,1.890432581338944429e-01,2.482246047280824541e+00,1.494784910688208512e+00
2.575000000000000178e+00,-8.128571428571428337e-01,-1.159594143749748563e+00,-3.696772619257226999e+00,-3.401654591969059283e+00,-7.461796016888542660e+00,1.712949097449668889e-01,2.482246047280824097e+00,1.501897526083773915e+00
2.575000000000000178e+00,-7.838095238095238448e-01,-1.172860410788292507e+00,-3.747027526546277798e+00,-3.447649127543778835e+00,-7.467659932463426742e+00,1.530967096884509604e-01,2.482246047280824097e+00,1.509197669235334605e+00
2.575000000000000178e+00,-7.547619047619047450e-01,-1.186452330179986081e+00,-3.798823792066212235e+00,-3.495040311129140598e+00,-7.479071463035990242e+00,1.344285708382765010e-01,2.482246047280824097e+00,1.516693156382467045e+00
2.575000000000000178e+00,-7.257142857142857562e-01,-1.200382464061368726e+00,-3.852236714543392893e+00,-3.543895235993240966e+00,-7.495700010535244040e+00,1.152691209551439666e-01,2.482246047280824541e+00,1.524392235892993330e+00
2.575000000000000178e+00,-6.966666666666666563e-01,-1.214664042985768244e+00,-3.907346721496380848e+00,-3.594285445041789817e+00,-7.517283856867730485e+00,9.559559503708311978e-02,2.482246047280824097e+00,1.532303617269418883e+00
2.575000000000000178e+00,-6.676190476190476675e-01,-1.229311011355423977e+00,-3.964239826428593627e+00,-3.646287309908731178e+00,-7.543618367339449016e+00,7.538371643617985951e-02,2.482246047280824097e+00,1.540436502381414829e+00
2.575000000000000178e+00,-6.385714285714285676e-01,-1.244338077030380463e+00,-4.023008133682172804e+00,-3.699982449747372115e+00,-7.574547051155182231e+00,5.460756532453842071e-02,2.482246047280824541e+00,1.548800619110247245e+00
2.575000000000000178e+00,-6.095238095238095788e-01,-1.259760764958766543e+00,-4.083750404200438666e+00,-3.755458194660606264e+00,-7.609954744612678290e+00,3.323943288051212086e-02,2.482246047280824097e+00,1.557406257607326427e+00
2.575000000000000178e+00,-5.804761904761904789e-01,-1.275595475505654885e+00,-4.146572685415527815e+00,-3.812808099465410550e+00,-7.649762401296940517e+00,1.124965931694532628e-02,2.482246047280824097e+00,1.566264309386886655e+00
2.575000000000000178e+00,-5.514285714285713791e-01,-1.291859547840984668e+00,-4.211589018704686715e+00,-3.872132514295576033e+00,-7.693923122003583970e+00,-1.139354642105483428e-02,2.482246047280824097e+00,1.575386309492449177e+00
2.575000000000000178e+00,-5.223809523809523903e-01,-1.308571329162748764e+00,-4.278922231746330240e+00,-3.933539219567022460e+00,-7.742419159923083605e+00,-3.472430780995247601e-02,2.482246047280824097e+00,1.584784481998473549e+00
2.575000000000000178e+00,-4.933333333333333459e-01,-1.325750249845247586e+00,-4.348704833675714809e+00,-3.997144133959797063e+00,-7.795259709233040901e+00,-5.877930568934122690e-02,2.482246047280824097e+00,1.594471789132944739e+00
2.575000000000000178e+00,-4.642857142857143016e-01,-1.343416906013289447e+00,-4.421080025786863210e+00,-4.063072105457566252e+00,-7.852479337559151062e+00,-8.359803042366009684e-02,2.482246047280824097e+00,1.604461984334217828e+00
2.575000000000000178e+00,-4.352380952380952572e-01,-1.361593149060362107e+00,-4.496202848973710253e+00,-4.131457797084332029e+00,-7.914136961244294000e+00,-1.092230653131285589e-01,2.482246047280824097e+00,1.614769669587191592e+00
2.575000000000000178e+00,-4.061904761904762129e-01,-1.380302184571918778e+00,-4.574241491378025160e+00,-4.202446680884265540e+00,-7.980315291328499150e+00,-1.357004060043085492e-01,2.482246047280824541e+00,1.625410357421230190e+00
2.575000000000000178e+00,-3.771428571428571130e-01,-1.399568680107357688e+00,-4.655378783719275049e+00,-4.276196155974639979e+00,-8.051120700536495534e+00,-1.630798215283873476e-01,2.482246047280824097e+00,1.636400537997333426e+00
2.575000000000000178e+00,-3.480952380952381242e-01,-1.419418883721903946e+00,-4.739813920216125354e+00,-4.352876809190859397e+00,-8.126683479450491632e+00,-1.914152636706616950e-01,2.482246047280824097e+00,1.647757751768108792e+00
2.575000000000000178e+00,-3.190476190476190244e-01,-1.439880754631754467e+00,-4.827764447903980738e+00,-4.432673840093811712e+00,-8.207158464888989258e+00,-2.207653327028410717e-01,2.482246047280824097e+00,1.659500668266122636e+00
2.575000000000000178e+00,-2.900000000000000355e-01,-1.460984106872478705e+00,-4.919468581636814442e+00,-4.515788675997864487e+00,-8.292726036412815915e+00,-2.511938091649428273e-01,2.482246047280824097e+00,1.671649171672039857e+00
2.575000000000000178e+00,-2.609523809523809357e-01,-1.482760767891661002e+00,-5.015187917239895654e+00,-4.602440807374157394e+00,-8.383593488687546724e+00,-2.827702634675723359e-01,2.482246047280824097e+00,1.684224453945854405e+00
2.575000000000000178e+00,-2.319047619047619468e-01,-1.505244753689901405e+00,-5.115210637689685313e+00,-4.692869879670968913e+00,-8.479996798847455608e+00,-3.155707577410304943e-01,2.482246047280824097e+00,1.697249116492140608e+00
2.575000000000000178e+00,-2.028571428571428470e-01,-1.528472463277048110e+00,-5.219855338795876598e+00,-4.787338084506214564e+00,-8.582202819648646397e+00,-3.496786577895435455e-01,2.482246047280824097e+00,1.710747281605456749e+00
2.575000000000000178e+00,-1.738095238095238582e-01,-1.552482893887137338e+00,-5.329475646840692526e+00,-4.886132901641807358e+00,-8.690511941661824835e+00,-3.851855775178464891e-01,2.482246047280824097e+00,1.724744715357288349e+00
2.575000000000000178e+00,-1.447619047619047583e-01,-1.577317880381712722e+00,-5.444465869461664553e+00,-4.989570253509232778e+00,-8.805261281652834171e+00,-4.221924842398042665e-01,2.482246047280824097e+00,1.739268964229609082e+00
2.575000000000000178e+00,-1.157142857142857695e-01,-1.603022361917510796e+00,-5.565268027677091389e+00,-5.097998146852249057e+00,-8.926828470315827602e+00,-4.608110015710193963e-01,2.482246047280824097e+00,1.754349508824512016e+00
2.575000000000000178e+00,-8.666666666666666963e-02,-1.629644679464462564e+00,-5.692380788605224673e+00,-5.211800891892024445e+00,-9.055636131463330685e+00,-5.011649583195025848e-01,2.482246047280824097e+00,1.770017939654584760e+00
2.575000000000000178e+00,-5.761904761904768080e-02,-1.657236908985427526e+00,-5.826371106999697069e+00,-5.331404009177655112e+00,-9.192157167622562852e+00,-5.433922489196345573e-01,2.482246047280824097e+00,1.786308162840459124e+00
2.575000000000000178e+00,-2.857142857142858094e-02,-1.685855234048958318e+00,-5.967889892317228551e+00,-5.457279959025267857e+00,-9.336920994985465683e+00,-5.876470971034939428e-01,2.482246047280824097e+00,1.803256648458212874e+00
2.575000000000000178e+00,4.761904761904078853e-04,-1.715560365440872426e+00,-6.117693971940622255e+00,-5.589954859645128948e+00,-9.490520905376740757e+00,-6.341028565474939871e-01,2.482246047280824097e+00,1.820902743194576123e+00
2.575000000000000178e+00,2.952380952380950774e-02,-1.746418013182524209e+00,-6.276678526352136522e+00,-5.730016399620202705e+00,-9.653622776507630121e+00,-6.829555542671620350e-01,2.482246047280824097e+00,1.839289085947608093e+00
2.575000000000000178e+00,5.857142857142860759e-02,-1.778499419520388258e+00,-6.445928323644186442e+00,-5.878123200901604228e+00,-9.826975406944914226e+00,-7.344285159556658282e-01,2.482246047280824097e+00,1.858462199408108972e+00
2.575000000000000178e+00,8.761904761904759642e-02,-1.811881962785982569e+00,-6.626806082688842636e+00,-6.035015953417532941e+00,-1.001142282262274286e+01,-7.887786846941536867e-01,2.482246047280824097e+00,1.878473406137516788e+00
2.575000000000000178e+00,1.166666666666665853e-01,-1.846649842360485128e+00,-6.821123916562697787e+00,-6.201530726462115339e+00,-1.020791899279926618e+01,-8.463058728235639538e-01,2.482246047280824097e+00,1.899380402026106029e+00
2.575000000000000178e+00,1.457142857142857961e-01,-1.882894858848907838e+00,-7.031535853213728871e+00,-6.378614971746908502e+00,-1.041754551110265936e+01,-9.073678979662960220e-01,2.482246047280824097e+00,1.921250343878017297e+00
2.575000000000000178e+00,1.747619047619047850e-01,-1.920717304704215200e+00,-7.262700405219543853e+00,-6.567346877358862578e+00,-1.064153295236721242e+01,-9.724105008305057307e-01,2.482246047280824097e+00,1.944167186618197096e+00
2.575000000000000178e+00,2.038095238095237738e-01,-1.960226984995751209e+00,-7.527031220115079968e+00,-6.768958923486059653e+00,-1.088128682065026887e+01,-1.042053079619506217e+00,2.482246047280824097e+00,1.968256415706181706e+00
2.700000000000000178e+00,-9.000000000000000222e-01,-1.071207034235392319e+00,-3.456579653527799056e+00,-3.198142245902158454e+00,-7.100231146023147311e+00,1.077139097241675003e-01,2.482246047280824097e+00,1.527429805118681871e+00
2.700000000000000178e+00,-8.709523809523809224e-01,-1.082867035655521892e+00,-3.501533702717290364e+00,-3.239608434516954905e+00,-7.094532510248220625e+00,9.047697486642428122e-02,2.482246047280824097e+00,1.534362815960851556e+00
2.700000000000000178e+00,-8.419047619047619335e-01,-1.094797988330298955e+00,-3.547800367263533872e+00,-3.282277332435532546e+00,-7.094938826307618740e+00,7.281324751138323892e-02,2.482246047280824097e+00,1.541471121886713647e+00
2.700000000000000178e+00,-8.128571428571428337e-01,-1.107009761548843230e+00,-3.595440463177118851e+00,-3.326204023211781990e+00,-7.100951701982672226e+00,5.470421587320817292e-02,2.482246047280824097e+00,1.548761701246748279e+00
2.700000000000000178e+00,-7.838095238095238448e-01,-1.119512719837839843e+00,-3.644518718572937743e+00,-3.371447068655987422e+00,-7.112174254177355159e+00,3.613022172484137151e-02,2.482246047280824097e+00,1.556241899139748863e+00
2.700000000000000178e+00,-7.547619047619047450e-01,-1.132317754377183627e+00,-3.695104098122261593e+00,-3.418068790668257861e+00,-7.128290471614795010e+00,1.707036772151401816e-02,2.482246047280824097e+00,1.563919450650665288e+00
2.700000000000000178e+00,-7.257142857142857562e-01,-1.145436317719324748e+00,-3.747270164490049016e+00,-3.466135581097306240e+00,-7.149049965933349071e+00,-2.497584576633987696e-03,2.482246047280824097e+00,1.571802505749848144e+00
2.700000000000000178e+00,-6.966666666666666563e-01,-1.158880460582132788e+00,-3.801095474442399258e+00,-3.515718242969988250e+00,-7.174256552024114164e+00,-2.259732710594059002e-02,2.482246047280824541e+00,1.579899655979048356e+00
2.700000000000000178e+00,-6.676190476190476675e-01,-1.172662872285501034e+00,-3.856664020163420581e+00,-3.566892366840836548e+00,-7.203759606976431584e+00,-4.325412940761025338e-02,2.482246047280824097e+00,1.588219963058577378e+00
2.700000000000000178e+00,-6.385714285714285676e-01,-1.186796923952313287e+00,-3.914065719882821259e+00,-3.619738746602971791e+00,-7.237447485050346074e+00,-6.449497591246594608e-02,2.482246047280824097e+00,1.596772989559589906e+00
2.700000000000000178e+00,-6.095238095238095788e-01,-1.201296715539988513e+00,-3.973396961212773970e+00,-3.674343839669982792e+00,-7.275242482890492468e+00,-8.634871808936303572e-02,2.482246047280824541e+00,1.605568831795530116e+00
2.700000000000000178e+00,-5.804761904761904789e-01,-1.216177126961567989e+00,-4.034761209567438556e+00,-3.730800277197567461e+00,-7.317096995657208502e+00,-1.088462434002286372e-01,2.482246047280824097e+00,1.614618155097397256e+00
2.700000000000000178e+00,-5.514285714285713791e-01,-1.231453873534149368e+00,-4.098269688489033946e+00,-3.789207430813331889e+00,-7.362990605746665196e+00,-1.320206633056973666e-01,2.482246047280824097e+00,1.623932231648683056e+00
2.700000000000000178e+00,-5.223809523809523903e-01,-1.247143566148680272e+00,-4.164042140627208788e+00,-3.849672043346980210e+00,-7.412927916795381655e+00,-1.559075229210467872e-01,2.482246047280824541e+00,1.633522981067686786e+00
2.700000000000000178e+00,-4.933333333333333459e-01,-1.263263776951759398e+00,-4.232207685927758867e+00,-3.912308932168685249e+00,-7.466936996591280185e+00,-1.805450353441746536e-01,2.482246047280824097e+00,1.643403013937542845e+00
2.700000000000000178e+00,-4.642857142857143016e-01,-1.279833110567338395e+00,-4.302905787812804306e+00,-3.977241775137166702e+00,-7.525068329773270115e+00,-2.059743441802939223e-01,2.482246047280824097e+00,1.653585678497958567e+00
2.700000000000000178e+00,-4.352380952380952572e-01,-1.296871282800512226e+00,-4.376287348312314585e+00,-4.044603990730832876e+00,-7.587394209067688244e+00,-2.322398183900704627e-01,2.482246047280824097e+00,1.664085110727717476e+00
2.700000000000000178e+00,-4.061904761904762129e-01,-1.314399205087280365e+00,-4.452515950060141670e+00,-4.114539725868112896e+00,-7.654008515182404437e+00,-2.593893843123494802e-01,2.482246047280824097e+00,1.674916288064145053e+00
2.700000000000000178e+00,-3.771428571428571130e-01,-1.332439078559180423e+00,-4.531769274435891504e+00,-4.187204967156839430e+00,-7.725026852368300112e+00,-2.874749005890478992e-01,2.482246047280824097e+00,1.686095087026023398e+00
2.700000000000000178e+00,-3.480952380952381242e-01,-1.351014495980130903e+00,-4.614240724680501948e+00,-4.262768794028149344e+00,-7.800587020493549240e+00,-3.165525827866936259e-01,2.482246047280824097e+00,1.697638345031661222e+00
2.700000000000000178e+00,-3.190476190476190244e-01,-1.370150554240819440e+00,-4.700141294235042899e+00,-4.341414795428509166e+00,-7.880849816307183175e+00,-3.466834858166043531e-01,2.482246047280824097e+00,1.709563926736778816e+00
2.700000000000000178e+00,-2.900000000000000355e-01,-1.389873977722320575e+00,-4.789701729075684256e+00,-4.423342675626754428e+00,-7.966000167196159332e+00,-3.779340538705044938e-01,2.482246047280824097e+00,1.721890795262212448e+00
2.700000000000000178e+00,-2.609523809523809357e-01,-1.410213254343156253e+00,-4.883175044040029888e+00,-4.508770079372263595e+00,-8.056248610808557586e+00,-4.103767495999285364e-01,2.482246047280824097e+00,1.734639088746498192e+00
2.700000000000000178e+00,-2.319047619047619468e-01,-1.431198785631141668e+00,-4.980839474309367354e+00,-4.597934672307697923e+00,-8.151833143978663543e+00,-4.440907767986362331e-01,2.482246047280824097e+00,1.747830202755169982e+00
2.700000000000000178e+00,-2.028571428571428470e-01,-1.452863052336352601e+00,-5.083001963421490466e+00,-4.691096519435549617e+00,-8.253021474960570814e+00,-4.791629140685568777e-01,2.482246047280824097e+00,1.761486879226590307e+00
2.700000000000000178e+00,-1.738095238095238582e-01,-1.475240797683321281e+00,-5.190002325860179511e+00,-4.788540812858751217e+00,-8.360113724571363036e+00,-5.156884811059474494e-01,2.482246047280824097e+00,1.775633302865490704e+00
2.700000000000000178e+00,-1.447619047619047583e-01,-1.498369231067806062e+00,-5.302218271175477504e+00,-4.890581010358163283e+00,-8.473445635019386302e+00,-5.537724646940066497e-01,2.482246047280824097e+00,1.790295206263852412e+00
2.700000000000000178e+00,-1.157142857142857695e-01,-1.522288253569515470e+00,-5.420071551587517966e+00,-4.997562459112906197e+00,-8.593392360586724621e+00,-5.935308387741082825e-01,2.482246047280824097e+00,1.805499985625970805e+00
2.700000000000000178e+00,-8.666666666666666963e-02,-1.547040709735276076e+00,-5.544035611281303844e+00,-5.109866594684146612e+00,-8.720372932715044101e+00,-6.350921229415524838e-01,2.482246047280824097e+00,1.821276829960310595e+00
2.700000000000000178e+00,-5.761904761904768080e-02,-1.572672667879968511e+00,-5.674645304176492822e+00,-5.227915825073810474e+00,-8.854855514364118108e+00,-6.785992377659685326e-01,2.482246047280824097e+00,1.837656868262030230e+00
2.700000000000000178e+00,-2.857142857142858094e-02,-1.599233733576429950e+00,-5.812509565544620393e+00,-5.352179234357345550e+00,-8.997363585985342027e+00,-7.242117358602323529e-01,2.482246047280824097e+00,1.854673342080590759e+00
2.700000000000000178e+00,4.761904761904078853e-04,-1.626777400984977362e+00,-5.958328494505526152e+00,-5.483179271507072627e+00,-9.148483239649131349e+00,-7.721085189461777132e-01,2.482246047280824097e+00,1.872361815982742650e+00
2.700000000000000178e+00,2.952380952380950774e-02,-1.655361446977163142e+00,-6.112917384692369893e+00,-5.621499629494272732e+00,-9.308871800847843048e+00,-8.224912016624619238e-01,2.482246047280824097e+00,1.890760447901913111e+00
2.700000000000000178e+00,5.857142857142860759e-02,-1.685048375057243142e+00,-6.277242454444187381e+00,-5.767794570153126799e+00,-9.479268052004163891e+00,-8.755883699727777802e-01,2.482246047280824097e+00,1.909910359833905336e+00
2.700000000000000178e+00,8.761904761904759642e-02,-1.715905916083638294e+00,-6.452477963308425046e+00,-5.922800015080095903e+00,-9.660504401425976440e+00,-9.316611455118483098e-01,2.482246047280824097e+00,1.929856187724737104e+00
2.700000000000000178e+00,1.166666666666665853e-01,-1.748007594821143318e+00,-6.640106724934022431e+00,-6.087346806746312566e+00,-9.853521431347719073e+00,-9.910108081911154221e-01,2.482246047280824097e+00,1.950646976323954895e+00
2.700000000000000178e+00,1.457142857142857961e-01,-1.781433372171578933e+00,-6.842121719555817272e+00,-6.262376653508994195e+00,-1.005938537560925461e+01,-1.053990044416277971e+00,2.482246047280824097e+00,1.972337806145428862e+00
2.700000000000000178e+00,1.747619047619047850e-01,-1.816270376513194451e+00,-7.061514269216670137e+00,-6.448961416309411554e+00,-1.027930923088373483e+01,-1.121021734361246303e+00,2.482246047280824097e+00,1.994993207642792310e+00
2.700000000000000178e+00,2.038095238095237738e-01,-1.852613737653066917e+00,-7.303879991585717768e+00,-6.648326586138846750e+00,-1.051467840836203216e+01,-1.192638165542238449e+00,2.482246047280824097e+00,2.018696063661975959e+00
2.700000000000000178e+00,2.328571428571427626e-01,-1.890567541096469517e+00,-7.588246802275441460e+00,-6.861880057673161559e+00,-1.076708210406230393e+01,-1.269614910446172473e+00,2.482246047280824097e+00,2.043584328576893760e+00
2.825000000000000178e+00,-9.000000000000000222e-01,-1.024399004204602504e+00,-3.368496168257457679e+00,-3.131901760013414027e+00,-6.759780011927196242e+00,-2.657878140756686491e-03,2.482246047280824097e+00,1.571867081697659652e+00
2.825000000000000178e+00,-8.709523809523809224e-01,-1.035411664910136587e+00,-3.412484916618021558e+00,-3.172737616377402148e+00,-6.760672136047353398e+00,-2.024712019228375182e-02,2.482246047280824541e+00,1.578952919973382274e+00
2.825000000000000178e+00,-8.419047619047619335e-01,-1.046676361229150976e+00,-3.457760071492644194e+00,-3.214761831886590926e+00,-6.766842838509010249e+00,-3.827722855729015494e-02,2.482246047280824097e+00,1.586215505351814326e+00
2.825000000000000178e+00,-8.128571428571428337e-01,-1.058202122394863220e+00,-3.504381225966224811e+00,-3.258028957706623263e+00,-6.777912880706833398e+00,-5.676744645671449874e-02,2.482246047280824097e+00,1.593661728473007022e+00
2.825000000000000178e+00,-7.838095238095238448e-01,-1.069998422613849254e+00,-3.552411797117787984e+00,-3.302596995541777769e+00,-6.793580326777092893e+00,-7.573821276341446973e-02,2.482246047280824097e+00,1.601298831723458660e+00
2.825000000000000178e+00,-7.547619047619047450e-01,-1.082075209239770519e+00,-3.601919345557151431e+00,-3.348527677584454132e+00,-6.813605769123957323e+00,-9.521125876897093554e-02,2.482246047280824097e+00,1.609134430629702850e+00
2.825000000000000178e+00,-7.257142857142857562e-01,-1.094442933370548765e+00,-3.652975923989780771e+00,-3.395886774363942706e+00,-6.837801287738328071e+00,-1.152097146545784656e-01,2.482246047280824541e+00,1.617176536689432176e+00
2.825000000000000178e+00,-6.966666666666666563e-01,-1.107112582186333238e+00,-3.705658465951988667e+00,-3.444744433755666968e+00,-6.866022108167459947e+00,-1.357582268344825760e-01,2.482246047280824097e+00,1.625433581737242505e+00
2.825000000000000178e+00,-6.676190476190476675e-01,-1.120095714357794092e+00,-3.760049212482504455e+00,-3.495175554949810248e+00,-6.898160248838138386e+00,-1.568830875058074281e-01,2.482246047280824097e+00,1.633914443947356077e+00
2.825000000000000178e+00,-6.385714285714285676e-01,-1.133404498283822281e+00,-3.816236187838533578e+00,-3.547260201652822076e+00,-6.934139662768440182e+00,-1.786123779312273341e-01,2.482246047280824097e+00,1.642628475580950376e+00
2.825000000000000178e+00,-6.095238095238095788e-01,-1.147051753248031769e+00,-3.874313728956981340e+00,-3.601084059449919383e+00,-6.973912522877850684e+00,-2.009761272057573045e-01,2.482246047280824097e+00,1.651585532590857275e+00
2.825000000000000178e+00,-5.804761904761904789e-01,-1.161050994194097186e+00,-3.934383072912383206e+00,-3.656738942926263114e+00,-7.017456399118578325e+00,-2.240064885223020386e-01,2.482246047280824097e+00,1.660796006201358255e+00
2.825000000000000178e+00,-5.514285714285713791e-01,-1.175416480086712401e+00,-3.996553014863083675e+00,-3.714323359030423433e+00,-7.064772144998700654e+00,-2.477379352600874718e-01,2.482246047280824097e+00,1.670270856585488017e+00
2.825000000000000178e+00,-5.223809523809523903e-01,-1.190163266698632372e+00,-4.060940645203054089e+00,-3.773943134117567766e+00,-7.115882360582168609e+00,-2.722074795850275564e-01,2.482246047280824097e+00,1.680021648766559128e+00
2.825000000000000178e+00,-4.933333333333333459e-01,-1.205307263643648819e+00,-4.127672175217848682e+00,-3.835712113249770461e+00,-7.170830335106049169e+00,-2.974549166830264268e-01,2.482246047280824097e+00,1.690060590874511659e+00
2.825000000000000178e+00,-4.642857142857143016e-01,-1.220865296668324662e+00,-4.196883868084661628e+00,-3.899752941717865351e+00,-7.229679399169174125e+00,-3.235230982604791472e-01,2.482246047280824097e+00,1.700400574891086425e+00
2.825000000000000178e+00,-4.352380952380952572e-01,-1.236855175502972193e+00,-4.268723090678854248e+00,-3.966197940308448189e+00,-7.292512636867005682e+00,-3.504582395587170773e-01,2.482246047280824097e+00,1.711055220020824441e+00
2.825000000000000178e+00,-4.061904761904762129e-01,-1.253295767702072183e+00,-4.343349503633026742e+00,-4.035190087775389678e+00,-7.359432924238547002e+00,-3.783102648633079323e-01,2.482246047280824097e+00,1.722038918827628162e+00
2.825000000000000178e+00,-3.771428571428571130e-01,-1.270207079706098474e+00,-4.420936416181986850e+00,-4.106884126192264617e+00,-7.430563273339639174e+00,-4.071331973735932697e-01,2.482246047280824097e+00,1.733366886279580354e+00
2.825000000000000178e+00,-3.480952380952381242e-01,-1.287610344961620301e+00,-4.501672331827556661e+00,-4.181447807581899490e+00,-7.506047472169687040e+00,-4.369856003690170132e-01,2.482246047280824541e+00,1.745055211848677734e+00
2.825000000000000178e+00,-3.190476190476190244e-01,-1.305528121060775648e+00,-4.585762721205659531e+00,-4.259063303406191991e+00,-7.586051020313978377e+00,-4.679310779138178278e-01,2.482246047280824097e+00,1.757120914818611990e+00
2.825000000000000178e+00,-2.900000000000000355e-01,-1.323984395817964455e+00,-4.673432062987545876e+00,-4.339928802403360208e+00,-7.670762369119402457e+00,-5.000388449420890558e-01,2.482246047280824097e+00,1.769582002965286227e+00
2.825000000000000178e+00,-2.609523809523809357e-01,-1.343004704143697214e+00,-4.764926208494442150e+00,-4.424260326890967043e+00,-7.760394483998137360e+00,-5.333843785422517358e-01,2.482246047280824097e+00,1.782457534795665266e+00
2.825000000000000178e+00,-2.319047619047619468e-01,-1.362616256587286356e+00,-4.860515135762523364e+00,-4.512293803337257714e+00,-7.855186755502588269e+00,-5.680501647228074491e-01,2.482246047280824097e+00,1.795767685567977834e+00
2.825000000000000178e+00,-2.028571428571428470e-01,-1.382848081082244551e+00,-4.960496180306794400e+00,-4.604287429850147717e+00,-7.955407295573609261e+00,-6.041265580385386524e-01,2.482246047280824097e+00,1.809533817381989929e+00
2.825000000000000178e+00,-1.738095238095238582e-01,-1.403731179098423931e+00,-5.065197855567730834e+00,-4.700524391661665469e+00,-8.061355666292476130e+00,-6.417127753949826152e-01,2.482246047280824097e+00,1.823778553741544517e+00
2.825000000000000178e+00,-1.447619047619047583e-01,-1.425298699099907918e+00,-5.174984411534206963e+00,-4.801315985978380496e+00,-8.173366101079468038e+00,-6.809180504235101683e-01,2.482246047280824097e+00,1.838525859185356603e+00
2.825000000000000178e+00,-1.157142857142857695e-01,-1.447586128187507315e+00,-5.290261337638294314e+00,-4.907005230302551091e+00,-8.291811293183849685e+00,-7.218629814599694106e-01,2.482246047280824097e+00,1.853801124911081066e+00
2.825000000000000178e+00,-8.666666666666666963e-02,-1.470631504834769121e+00,-5.411482093766666779e+00,-5.017971044091054544e+00,-8.417106844241768471e+00,-7.646811150158960846e-01,2.482246047280824097e+00,1.869631261876428141e+00
2.825000000000000178e+00,-5.761904761904768080e-02,-1.494475656235281003e+00,-5.539156482593019071e+00,-5.134633113271566351e+00,-8.549716487570387713e+00,-8.095208187190058302e-01,2.482246047280824097e+00,1.886044803815954518e+00
2.825000000000000178e+00,-2.857142857142858094e-02,-1.519162461602374670e+00,-5.673861281586646044e+00,-5.257457571779857730e+00,-8.690158227909375199e+00,-8.565475146801193596e-01,2.482246047280824097e+00,1.903072024264926831e+00
2.825000000000000178e+00,4.761904761904078853e-04,-1.544739148009399710e+00,-5.816254107617040425e+00,-5.386963665325150252e+00,-8.839011573065018723e+00,-9.059463689720949064e-01,2.482246047280824097e+00,1.920745074600300084e+00
2.825000000000000178e+00,2.952380952380950774e-02,-1.571256619692184220e+00,-5.967092120661086518e+00,-5.523731601992021290e+00,-8.996926075396761036e+00,-9.579255705873593874e-01,2.482246047280824097e+00,1.939098155411839386e+00
2.825000000000000178e+00,5.857142857142860759e-02,-1.598769829150349153e+00,-6.127258402758032574e+00,-5.668411844594005267e+00,-9.164631455025832096e+00,-1.012720394032966098e+00,2.482246047280824097e+00,1.958167743531342708e+00
2.825000000000000178e+00,8.761904761904759642e-02,-1.627338193287572787e+00,-6.297801400059075405e+00,-5.821736164361665189e+00,-9.342949645687262716e+00,-1.070598345117139250e+00,2.482246047280824097e+00,1.977992916962480807e+00
2.825000000000000178e+00,1.166666666666665853e-01,-1.657026063643841418e+00,-6.479998667889039332e+00,-5.984530859326189223e+00,-9.532809193237396173e+00,-1.131865889550910387e+00,2.482246047280824097e+00,1.998615862367126184e+00
2.825000000000000178e+00,1.457142857142857961e-01,-1.687903256760493242e+00,-6.675471285914352571e+00,-6.157732650087591075e+00,-9.735262552745158615e+00,-1.196877690187039045e+00,2.482246047280824097e+00,2.020082748857224608e+00
2.825000000000000178e+00,1.747619047619047850e-01,-1.720045656532343870e+00,-6.886421352509191074e+00,-6.342407909550491496e+00,-9.951506982210773344e+00,-1.266050334107807762e+00,2.482246047280824097e+00,2.042445415208186343e+00
2.825000000000000178e+00,2.038095238095237738e-01,-1.753535897814904709e+00,-7.116242945669679187e+00,-6.539776074239863846e+00,-1.018290993237258135e+01,-1.339885752754451875e+00,2.482246047280824097e+00,2.065765164739224780e+00
2.825000000000000178e+00,2.328571428571427626e-01,-1.788464146490573725e+00,-7.371795516137090942e+00,-6.751238340793989323e+00,-1.043104010129608916e+01,-1.419023280716429580e+00,2.482246047280824097e+00,2.090123718557470589e+00
2.950000000000000178e+00,-9.000000000000000222e-01,-9.807767111638997504e-01,-3.288990062666877101e+00,-3.071797929149410411e+00,-6.454860324341646916e+00,-1.085011783392345885e-01,2.482246047280824097e+00,1.614479407799565447e+00
2.950000000000000178e+00,-8.709523809523809224e-01,-9.911880501746542782e-01,-3.332115118794598096e+00,-3.112065117880473686e+00,-6.461195238896046966e+00,-1.264607421391581443e-01,2.482246047280824097e+00,1.621698413046756437e+00
2.950000000000000178e+00,-8.419047619047619335e-01,-1.001834045790526151e+00,-3.376503374462375806e+00,-3.153507804656486613e+00,-6.472143322123972808e+00,-1.448756530851231517e-01,2.482246047280824097e+00,1.629094933046097537e+00
2.950000000000000178e+00,-8.128571428571428337e-01,-1.012722966287381565e+00,-3.422213351955812222e+00,-3.196180066749692905e+00,-6.487416254514591252e+00,-1.637659052112693525e-01,2.482246047280824541e+00,1.636675741458596400e+00
2.950000000000000178e+00,-7.838095238095238448e-01,-1.023863480251830937e+00,-3.469307323332043058e+00,-3.240139407465160826e+00,-6.506785289040854181e+00,-1.831527388089635167e-01,2.482246047280824097e+00,1.644447947578436597e+00
2.950000000000000178e+00,-7.547619047619047450e-01,-1.035264681992368097e+00,-3.517851623299493191e+00,-3.285447034454741289e+00,-6.530070592392400286e+00,-2.030587414202950913e-01,2.482246047280824097e+00,1.652419015900448374e+00
2.950000000000000178e+00,-7.257142857142857562e-01,-1.046936117965926671e+00,-3.567916989195212718e+00,-3.332168165771167256e+00,-6.557133202986858755e+00,-2.235079589562035118e-01,2.482246047280824541e+00,1.660596786917443390e+00
2.950000000000000178e+00,-6.966666666666666563e-01,-1.058887815683613676e+00,-3.619578939242478199e+00,-3.380372366959954800e+00,-6.587868911282957818e+00,-2.445260181558453483e-01,2.482246047280824097e+00,1.668989499220045136e+00
2.950000000000000178e+00,-6.676190476190476675e-01,-1.071130314872815736e+00,-3.672918191768870244e+00,-3.430133922919893052e+00,-6.622203579182553312e+00,-2.661402617752857691e-01,2.482246047280824097e+00,1.677605812973937294e+00
2.950000000000000178e+00,-6.385714285714285676e-01,-1.083674700902519383e+00,-3.728021126562121257e+00,-3.481532248845001121e+00,-6.660089556852701875e+00,-2.883798980931051581e-01,2.482246047280824097e+00,1.686454834851347506e+00
2.950000000000000178e+00,-6.095238095238095788e-01,-1.096532641159860155e+00,-3.784980301311222206e+00,-3.534652345089563941e+00,-6.701502952139215097e+00,-3.112761665531357802e-01,2.482246047280824097e+00,1.695546144494939123e+00
2.950000000000000178e+00,-5.804761904761904789e-01,-1.109716424168539994e+00,-3.843895023140141642e+00,-3.589585301595053402e+00,-6.746441575318919526e+00,-3.348625216367059343e-01,2.482246047280824097e+00,1.704889822592944748e+00
2.950000000000000178e+00,-5.514285714285713791e-01,-1.123239001991432229e+00,-3.904871988577567787e+00,-3.646428858313769172e+00,-6.794923430002593356e+00,-3.591748373761243784e-01,2.482246047280824097e+00,1.714496480644206011e+00
2.950000000000000178e+00,-5.223809523809523903e-01,-1.137114036435590281e+00,-3.968025998923351061e+00,-3.705288029022360430e+00,-6.846985655853038644e+00,-3.842516352971167004e-01,2.482246047280824097e+00,1.724377292490566926e+00
2.950000000000000178e+00,-4.933333333333333459e-01,-1.151355948781281668e+00,-4.033480760918044083e+00,-3.766275797100967271e+00,-6.902683854573768762e+00,-4.101343390221063867e-01,2.482246047280824097e+00,1.734544027691645507e+00
2.950000000000000178e+00,-4.642857142857143016e-01,-1.165979974045201928e+00,-4.101369788205162514e+00,-3.829513893191990537e+00,-6.962091750144581148e+00,-4.368675592929527340e-01,2.482246047280824097e+00,1.745009086813183119e+00
2.950000000000000178e+00,-4.352380952380952572e-01,-1.181002220137682635e+00,-4.171837417858539787e+00,-3.895133666236557879e+00,-7.025301149446494087e+00,-4.644994137987078497e-01,2.482246047280824097e+00,1.755785538694792480e+00
2.950000000000000178e+00,-4.061904761904762129e-01,-1.196439731903890857e+00,-4.245039958340957931e+00,-3.963277061276869961e+00,-7.092422181573939000e+00,-4.930818869434191454e-01,2.482246047280824097e+00,1.766887159755884174e+00
2.950000000000000178e+00,-3.771428571428571130e-01,-1.212310561318617141e+00,-4.321146993141694814e+00,-4.034097719685179939e+00,-7.163583804244876063e+00,-5.226712355889318040e-01,2.482246047280824097e+00,1.778328475389955310e+00
2.950000000000000178e+00,-3.480952380952381242e-01,-1.228633844103647510e+00,-4.400342865214530441e+00,-4.107762220129560937e+00,-7.238934574509479525e+00,-5.533284478933028216e-01,2.482246047280824541e+00,1.790124803487427974e+00
2.950000000000000178e+00,-3.190476190476190244e-01,-1.245429883165260598e+00,-4.482828372145511331e+00,-4.184451481817465179e+00,-7.318643688984020734e+00,-5.851197636823594062e-01,2.482246047280824097e+00,1.802292300116641988e+00
2.950000000000000178e+00,-2.900000000000000355e-01,-1.262720240424062945e+00,-4.568822713308298589e+00,-4.264362355407769201e+00,-7.402902306555518841e+00,-6.181172663981697735e-01,2.482246047280824097e+00,1.814848007382630746e+00
2.950000000000000178e+00,-2.609523809523809357e-01,-1.280527837278065517e+00,-4.658565734094063160e+00,-4.347709431641791689e+00,-7.491925174315458236e+00,-6.523995586401453162e-01,2.482246047280824541e+00,1.827809903476429687e+00
2.950000000000000178e+00,-2.319047619047619468e-01,-1.298877064721801755e+00,-4.752320528274352363e+00,-4.434727103381828961e+00,-7.585952585764546008e+00,-6.880525357522665475e-01,2.482246047280824097e+00,1.841196954927990737e+00
2.950000000000000178e+00,-2.028571428571428470e-01,-1.317793905118229025e+00,-4.850376470767021608e+00,-4.525671923605263380e+00,-7.685252709470066890e+00,-7.251702749479748134e-01,2.482246047280824097e+00,1.855029171090345042e+00
2.950000000000000178e+00,-1.738095238095238582e-01,-1.337306065730808458e+00,-4.953052779143688689e+00,-4.620825310290785914e+00,-7.790124336771627078e+00,-7.638560612849458753e-01,2.482246047280824097e+00,1.869327660923210344e+00
2.950000000000000178e+00,-1.447619047619047583e-01,-1.357443126274490819e+00,-5.060702725005289615e+00,-4.720496659416285823e+00,-7.900900109303602648e+00,-8.042235766581284917e-01,2.482246047280824097e+00,1.884114692230389076e+00
2.950000000000000178e+00,-1.157142857142857695e-01,-1.378236702197582542e+00,-5.173718662774535737e+00,-4.825026939997363762e+00,-8.017950301613526065e+00,-8.463982842291812858e-01,2.482246047280824097e+00,1.899413753669933813e+00
2.950000000000000178e+00,-8.666666666666666963e-02,-1.399720625476590596e+00,-5.292538097696338539e+00,-4.934792860814197546e+00,-8.141687251725382879e+00,-8.905190488748877531e-01,2.482246047280824097e+00,1.915249620155156096e+00
2.950000000000000178e+00,-5.761904761904768080e-02,-1.421931144936030567e+00,-5.417651106833318408e+00,-5.050211718117695092e+00,-8.272570554036555279e+00,-9.367400450985716720e-01,2.482246047280824097e+00,1.931648422794813413e+00
2.950000000000000178e+00,-2.857142857142858094e-02,-1.444907149513228184e+00,-5.549609564200509659e+00,-5.171747058173909117e+00,-8.411113155621713133e+00,-9.852330186271957002e-01,2.482246047280824097e+00,1.948637725453945757e+00
2.950000000000000178e+00,4.761904761904078853e-04,-1.468690416248729758e+00,-5.689038848356297251e+00,-5.299915319523680779e+00,-8.557888530378507497e+00,-1.036189988601617262e+00,2.482246047280824097e+00,1.966246611666778499e+00
2.950000000000000178e+00,2.952380952380950774e-02,-1.493325887656361539e+00,-5.836653097762195763e+00,-5.435293659159396995e+00,-8.713539147509822058e+00,-1.089826507277611212e+00,2.482246047280824097e+00,1.984505788597383802e+00
2.950000000000000178e+00,5.857142857142860759e-02,-1.518861981850884169e+00,-5.993275796047579540e+00,-5.578529217055718803e+00,-8.878786504288251891e+00,-1.146385639743086493e+00,2.482246047280824541e+00,2.003447720214663885e+00
2.950000000000000178e+00,8.761904761904759642e-02,-1.545350940328340972e+00,-6.159868838774055888e+00,-5.730350138063194265e+00,-9.054443061511681989e+00,-1.206142899623517062e+00,2.482246047280824541e+00,2.023106812349700689e+00
2.950000000000000178e+00,1.166666666666665853e-01,-1.572849218405629745e+00,-6.337576192560498534e+00,-5.891578753840599703e+00,-9.241426508449134047e+00,-1.269412504476320924e+00,2.482246047280824097e+00,2.043519693582248387e+00
2.950000000000000178e+00,1.457142857142857961e-01,-1.601417925594122327e+00,-6.527795147401383780e+00,-6.063147436687251535e+00,-9.440776899128337618e+00,-1.336555559354347889e+00,2.482246047280824097e+00,2.064725682301680632e+00
2.950000000000000178e+00,1.747619047619047850e-01,-1.631123322983737856e+00,-6.732306682475561743e+00,-6.246117780857812996e+00,-9.653677352850090543e+00,-1.407991308911249906e+00,2.482246047280824097e+00,2.086767642134859102e+00
2.950000000000000178e+00,2.038095238095237738e-01,-1.662037385817084489e+00,-6.953555784699258169e+00,-6.441703957750901210e+00,-9.881479211860703771e+00,-1.484213963387494450e+00,2.482246047280824097e+00,2.109693738609759617e+00
2.950000000000000178e+00,2.328571428571427626e-01,-1.694238443361932189e+00,-7.195421700475332472e+00,-6.651301347083199644e+00,-1.012573281658315949e+01,-1.565822040214974731e+00,2.482246047280824097e+00,2.133561680013269068e+00
2.950000000000000178e+00,2.619047619047619735e-01,-1.727811906635858819e+00,-7.466544170124605806e+00,-6.876521892285602178e+00,-1.038822542005250149e+01,-1.653588636239288867e+00,2.482246047280824097e+00,2.158452434619641203e+00
3.075000000000000178e+00,-9.000000000000000222e-01,-9.399791744422001383e-01,-3.216952058384095370e+00,-3.017061242081225725e+00,-6.180543839733656064e+00,-2.103623857227182037e-01,2.482246047280824097e+00,1.655341102760904848e+00
3.075000000000000178e+00,-8.709523809523809224e-01,-9.498307235235643464e-01,-3.259301461717694082e+00,-3.056813541786497890e+00,-6.191395533257053607e+00,-2.287088805637439159e-01,2.482246047280824097e+00,1.662674792287684999e+00
3.075000000000000178e+00,-8.419047619047619335e-01,-9.599009409756460443e-01,-3.302893442548174630e+00,-3.097729771924409459e+00,-6.206320409016460538e+00,-2.475255865047659987e-01,2.482246047280824097e+00,1.670186152563320370e+00
3.075000000000000178e+00,-8.128571428571428337e-01,-9.701974051760544615e-01,-3.347785583166126955e+00,-3.139863586461732581e+00,-6.225100081658123230e+00,-2.668332666035434508e-01,2.482246047280824097e+00,1.677881816463668407e+00
3.075000000000000178e+00,-7.838095238095238448e-01,-9.807280554580181109e-01,-3.394039152299769491e+00,-3.183272043662711770e+00,-6.247562629433254244e+00,-2.866539820775708680e-01,2.482246047280824541e+00,1.685768735718706113e+00
3.075000000000000178e+00,-7.547619047619047450e-01,-9.915012141138378476e-01,-3.441719409944813179e+00,-3.228015882959512250e+00,-6.273574853414840113e+00,-3.070111976492945205e-01,2.482246047280824097e+00,1.693854198707917424e+00
3.075000000000000178e+00,-7.257142857142857562e-01,-1.002525610108104814e+00,-3.490895943156907322e+00,-3.274159829424285295e+00,-6.303036391347287548e+00,-3.279298974521540622e-01,2.482246047280824097e+00,1.702145849296280211e+00
3.075000000000000178e+00,-6.966666666666666563e-01,-1.013810404337659454e+00,-3.541643034665107770e+00,-3.321772929182761125e+00,-6.335875215596784571e+00,-3.494367127646706983e-01,2.482246047280824097e+00,1.710651706762747581e+00
3.075000000000000178e+00,-6.676190476190476675e-01,-1.025365217321604794e+00,-3.594040072369687255e+00,-3.370928919423514802e+00,-6.372044183228807057e+00,-3.715600630178780284e-01,2.482246047280824097e+00,1.719380186873121108e+00
3.075000000000000178e+00,-6.385714285714285676e-01,-1.037200158495237723e+00,-3.648172003948831676e+00,-3.421706637333204348e+00,-6.411518400710344068e+00,-3.943303117283770698e-01,2.482246047280824097e+00,1.728340124148559198e+00
3.075000000000000178e+00,-6.095238095238095788e-01,-1.049325858327307071e+00,-3.704129837884455156e+00,-3.474190472786156114e+00,-6.454293231435208611e+00,-4.177799392505039400e-01,2.482246047280824097e+00,1.737540795379496128e+00
3.075000000000000178e+00,-5.804761904761904789e-01,-1.061753502591008314e+00,-3.762011205200019415e+00,-3.528470870414237126e+00,-6.500382820841561049e+00,-4.419437345229697556e-01,2.482246047280824097e+00,1.746991944432284560e+00
3.075000000000000178e+00,-5.514285714285713791e-01,-1.074494869641854811e+00,-3.821920981881957502e+00,-3.584644887430057825e+00,-6.549819047533253169e+00,-4.668590083157866943e-01,2.482246047280824097e+00,1.756703808392213295e+00
3.075000000000000178e+00,-5.223809523809523903e-01,-1.087562370692342073e+00,-3.883971987435542950e+00,-3.642816814619791455e+00,-6.602650833603896707e+00,-4.925658308718149359e-01,2.482246047280824097e+00,1.766687145081470511e+00
3.075000000000000178e+00,-4.933333333333333459e-01,-1.100969093395429033e+00,-3.948285764510861995e+00,-3.703098869049265662e+00,-6.658943766018056820e+00,-5.191072972956920495e-01,2.482246047280824097e+00,1.776953261983876153e+00
3.075000000000000178e+00,-4.642857142857143016e-01,-1.114728849295454793e+00,-4.014993456392587312e+00,-3.765611968329678039e+00,-6.718779995340594446e+00,-5.465298245855761960e-01,2.482246047280824097e+00,1.787514046599530504e+00
3.075000000000000178e+00,-4.352380952380952572e-01,-1.128856225404081703e+00,-4.084236794412065663e+00,-3.830486597948458805e+00,-6.782258389406682575e+00,-5.748834848479872361e-01,2.482246047280824097e+00,1.798381998241663782e+00
3.075000000000000178e+00,-4.061904761904762129e-01,-1.143366639613641933e+00,-4.156169211700345478e+00,-3.897863785011491888e+00,-6.849494929202259108e+00,-6.042223800052375360e-01,2.482246047280824097e+00,1.809570261274701330e+00
3.075000000000000178e+00,-3.771428571428571130e-01,-1.158276402069267519e+00,-4.230957105559353337e+00,-3.967896193980368746e+00,-6.920623341947544027e+00,-6.346050642262816011e-01,2.482246047280824097e+00,1.821092659776696099e+00
3.075000000000000178e+00,-3.480952380952381242e-01,-1.173602781194307720e+00,-4.308781272066622314e+00,-4.040749362708489834e+00,-6.995795973887546815e+00,-6.660950214203054109e-01,2.482246047280824097e+00,1.832963733590805555e+00
3.075000000000000178e+00,-3.190476190476190244e-01,-1.189364076321418828e+00,-4.389838540306296721e+00,-4.116603100232190116e+00,-7.075184911998504411e+00,-6.987612064723158767e-01,2.482246047280824097e+00,1.845198775709588457e+00
3.075000000000000178e+00,-2.900000000000000355e-01,-1.205579696715583182e+00,-4.474343643850871466e+00,-4.195653071656741950e+00,-7.158983370657796108e+00,-7.326786605281143672e-01,2.482246047280824097e+00,1.857813870913194609e+00
3.075000000000000178e+00,-2.609523809523809357e-01,-1.222270248145685079e+00,-4.562531371945386383e+00,-4.278112600109163388e+00,-7.247407366408880947e+00,-7.679292126253270956e-01,2.482246047280824097e+00,1.870825935559236042e+00
3.075000000000000178e+00,-2.319047619047619468e-01,-1.239457627939337003e+00,-4.654659051800877911e+00,-4.364214721362244198e+00,-7.340697711656425817e+00,-8.046022824128706841e-01,2.482246047280824097e+00,1.884252758400705163e+00
3.075000000000000178e+00,-2.028571428571428470e-01,-1.257165129164922623e+00,-4.751009430631718544e+00,-4.454214533582862678e+00,-7.439122366791199426e+00,-8.427958017284578052e-01,2.482246047280824097e+00,1.898113042292775221e+00
3.075000000000000178e+00,-1.738095238095238582e-01,-1.275417555218315124e+00,-4.851894038488794969e+00,-4.548391893022539989e+00,-7.542979200259027905e+00,-8.826172765798165898e-01,2.482246047280824541e+00,1.912426446646832146e+00
3.075000000000000178e+00,-1.447619047619047583e-01,-1.294241345977320545e+00,-4.957657139853654193e+00,-4.647054516747482822e+00,-7.652599217913495622e+00,-9.241850158265954018e-01,2.482246047280824097e+00,1.927213630512360165e+00
3.075000000000000178e+00,-1.157142857142857695e-01,-1.313664717015462280e+00,-5.068680409757071459e+00,-4.750541566178583253e+00,-7.768350337190171651e+00,-9.676295588989971552e-01,2.482246047280824097e+00,1.942496296234152764e+00
3.075000000000000178e+00,-8.666666666666666963e-02,-1.333717813328107349e+00,-5.185388519486641812e+00,-4.859227800912548467e+00,-7.890641798914727723e+00,-1.013095342656723741e+00,2.482246047280824097e+00,1.958297233776935764e+00
3.075000000000000178e+00,-5.761904761904768080e-02,-1.354432879599167361e+00,-5.308255877429896685e+00,-4.973528411906808167e+00,-8.019929330806146339e+00,-1.060742657625452612e+00,2.482246047280824097e+00,1.974640366088470378e+00
3.075000000000000178e+00,-2.857142857142858094e-02,-1.375844448703399614e+00,-5.437814870908103337e+00,-5.093904667649631790e+00,-8.156721203118815211e+00,-1.110749957300048552e+00,2.482246047280824097e+00,1.991550796383835031e+00
3.075000000000000178e+00,4.761904761904078853e-04,-1.397989551808731967e+00,-5.574666103416445750e+00,-5.220870537897499553e+00,-8.301585349912514289e+00,-1.163316602450670922e+00,2.482246047280824097e+00,2.009054859153142747e+00
3.075000000000000178e+00,2.952380952380950774e-02,-1.420907951213765008e+00,-5.719491379559854316e+00,-5.355000498845558177e+00,-8.455157771104932607e+00,-1.218666147806882538e+00,2.482246047280824097e+00,2.027180178345533434e+00
3.075000000000000178e+00,5.857142857142860759e-02,-1.444642401387051800e+00,-5.873070601469427388e+00,-5.496938773766011366e+00,-8.618152483549998522e+00,-1.277050315235487288e+00,2.482246047280824097e+00,2.045955739184899258e+00
3.075000000000000178e+00,8.761904761904759642e-02,-1.469238939267719424e+00,-6.036304551941137575e+00,-5.647410327639261318e+00,-8.791373357271920597e+00,-1.338753853093179291e+00,2.482246047280824097e+00,2.065411985683429652e+00
3.075000000000000178e+00,1.166666666666665853e-01,-1.494747211047384949e+00,-6.210247081019898197e+00,-5.807234017882835886e+00,-8.975728260825732718e+00,-1.404100570708146201e+00,2.482246047280824097e+00,2.085580966841392048e+00
3.075000000000000178e+00,1.457142857142857961e-01,-1.521220837801100290e+00,-6.396153595089280941e+00,-5.977338412345520879e+00,-9.172246054025041673e+00,-1.473460992229550737e+00,2.482246047280824097e+00,2.106496577045042784e+00
3.075000000000000178e+00,1.747619047619047850e-01,-1.548717828124873241e+00,-6.595560869692547179e+00,-6.158780929314106700e+00,-9.382097116377531520e+00,-1.547262373814092484e+00,2.482246047280824097e+00,2.128194986434666092e+00
3.075000000000000178e+00,2.038095238095237738e-01,-1.577301042714732704e+00,-6.810435791351610924e+00,-6.352771144913368140e+00,-9.606618298417760826e+00,-1.626002491401803862e+00,2.482246047280824097e+00,2.150715482067853568e+00
3.075000000000000178e+00,2.328571428571427626e-01,-1.607038721291594197e+00,-7.043507011696085840e+00,-6.560699368771762963e+00,-9.847343449068244325e+00,-1.710270370588105049e+00,2.482246047280824097e+00,2.174102304369461613e+00
3.075000000000000178e+00,2.619047619047619735e-01,-1.638005079484502469e+00,-7.299244613489648259e+00,-6.784171934677191373e+00,-1.010604103141231924e+01,-1.800783262082810809e+00,2.482246047280824097e+00,2.198409412023472953e+00
3.075000000000000178e+00,2.909523809523809623e-01,-1.670280987900278236e+00,-7.588968119876792429e+00,-7.025055126135807626e+00,-1.038476082979023474e+01,-1.898483714773409936e+00,2.482246047280824097e+00,2.223718087252031239e+00
3.200000000000000178e+00,-9.000000000000000222e-01,-9.017021864348182536e-01,-3.151450875569690169e+00,-2.967043459514428161e+00,-5.932741776123072519e+00,-3.087037090684978669e-01,2.482246047280824097e+00,1.694525716232779589e+00
3.200000000000000178e+00,-8.709523809523809224e-01,-9.110316041647211760e-01,-3.193101289194598902e+00,-3.006328012144055872e+00,-5.947358462085199804e+00,-3.274525030694220851e-01,2.482246047280824097e+00,1.701956820085479771e+00
3.200000000000000178e+00,-8.419047619047619335e-01,-9.205649637465522783e-01,-3.235975894240394002e+00,-3.046766056806977208e+00,-5.965606878616754649e+00,-3.466867327874837423e-01,2.482246047280824097e+00,1.709565209786659379e+00
3.200000000000000178e+00,-8.128571428571428337e-01,-9.303092178382614819e-01,-3.280131445410699342e+00,-3.088410868127549502e+00,-5.987322841427820563e+00,-3.664279473973023893e-01,2.482246047280824097e+00,1.717357358605466677e+00
3.200000000000000178e+00,-7.838095238095238448e-01,-9.402716447803853850e-01,-3.325628328484740326e+00,-3.131319105686456883e+00,-6.012378850665526464e+00,-3.866990473407225237e-01,2.482246047280824097e+00,1.725340041595065710e+00
3.200000000000000178e+00,-7.547619047619047450e-01,-9.504598678317447424e-01,-3.372530860937662744e+00,-3.175551089607632882e+00,-6.040678438619258017e+00,-4.075243941382546975e-01,2.482246047280824097e+00,1.733520351696255402e+00
3.200000000000000178e+00,-7.257142857142857562e-01,-9.608818763680160302e-01,-3.420907618683574292e+00,-3.221171103662252122e+00,-6.072151846699394895e+00,-4.289299312116165996e-01,2.482246047280824097e+00,1.741905716711787733e+00
3.200000000000000178e+00,-6.966666666666666563e-01,-9.715460482760029937e-01,-3.470831801847424458e+00,-3.268247729165246529e+00,-6.106752709959841319e+00,-4.509433170373974287e-01,2.482246047280824097e+00,1.750503917186031266e+00
3.200000000000000178e+00,-6.676190476190476675e-01,-9.824611739947548550e-01,-3.522381634501442704e+00,-3.316854213359112347e+00,-6.144455519339019567e+00,-4.735940721369385487e-01,2.482246047280824541e+00,1.759323105222913908e+00
3.200000000000000178e+00,-6.385714285714285676e-01,-9.936364829559954925e-01,-3.575640811169572775e+00,-3.367068876602837602e+00,-6.185253695515435801e+00,-4.969137416225489767e-01,2.482246047280824097e+00,1.768371824272588766e+00
3.200000000000000178e+00,-6.095238095238095788e-01,-1.005081671379449704e+00,-3.630698988973667607e+00,-3.418975563135263851e+00,-6.229158153302336132e+00,-5.209360752705547437e-01,2.482246047280824097e+00,1.777659029913763788e+00
3.200000000000000178e+00,-5.804761904761904789e-01,-1.016806932506670202e+00,-3.687652336675667719e+00,-3.472664141043477759e+00,-6.276196267926323458e+00,-5.456972273841205201e-01,2.482246047280824097e+00,1.787194111654010431e+00
3.200000000000000178e+00,-5.514285714285713791e-01,-1.028822989574933233e+00,-3.746604146990968331e+00,-3.528231057834968265e+00,-6.326411178329957252e+00,-5.712359790512735458e-01,2.482246047280824097e+00,1.796986915764316128e+00
3.200000000000000178e+00,-5.223809523809523903e-01,-1.041141130974658324e+00,-3.807665517164418034e+00,-3.585779958941182954e+00,-6.379861380467950482e+00,-5.975939858059882148e-01,2.482246047280824097e+00,1.807047769156525208e+00
3.200000000000000178e+00,-4.933333333333333459e-01,-1.053773248352986247e+00,-3.870956114496792999e+00,-3.645422377698840144e+00,-6.436620577241039420e+00,-6.248160541744093299e-01,2.482246047280824097e+00,1.817387504302766743e+00
3.200000000000000178e+00,-4.642857142857143016e-01,-1.066731878220658070e+00,-3.936605031593682913e+00,-3.707278506671900065e+00,-6.496777762489180041e+00,-6.529504511491279750e-01,2.482246047280824097e+00,1.828017485184290969e+00
3.200000000000000178e+00,-4.352380952380952572e-01,-1.080030246806689576e+00,-4.004751751014229200e+00,-3.771478061712576046e+00,-6.560437525240601531e+00,-6.820492512998673762e-01,2.482246047280824097e+00,1.838949634242967202e+00
3.200000000000000178e+00,-4.061904761904762129e-01,-1.093682318598977465e+00,-4.075547230842405888e+00,-3.838161252138080126e+00,-6.627720567838733423e+00,-7.121687270215566468e-01,2.482246047280824097e+00,1.850196460291795741e+00
3.200000000000000178e+00,-3.771428571428571130e-01,-1.107702849651680532e+00,-4.149155133632077330e+00,-3.907479872555877254e+00,-6.698764438138444355e+00,-7.433697883684258212e-01,2.482246047280824097e+00,1.861771087320856388e+00
3.200000000000000178e+00,-3.480952380952381242e-01,-1.122107444752983518e+00,-4.225753220709947300e+00,-3.979598534563568712e+00,-6.773724482066425523e+00,-7.757184800605345654e-01,2.482246047280824097e+00,1.873687284111979823e+00
3.200000000000000178e+00,-3.190476190476190244e-01,-1.136912620609537017e+00,-4.305534937449033706e+00,-4.054696059784968831e+00,-6.852775028803190338e+00,-8.092865446212061942e-01,2.482246047280824097e+00,1.885959494549045878e+00
3.200000000000000178e+00,-2.900000000000000355e-01,-1.152135874097873325e+00,-4.388711224826780999e+00,-4.132967059487327788e+00,-6.936110826957119002e+00,-8.441520622661479178e-01,2.482246047280824097e+00,1.898602868481369610e+00
3.200000000000000178e+00,-2.609523809523809357e-01,-1.167795757235493337e+00,-4.475512596402783316e+00,-4.214623730705034710e+00,-7.023948756643408231e+00,-8.804001801893082124e-01,2.482246047280824097e+00,1.911633292965754460e+00
3.200000000000000178e+00,-2.319047619047619468e-01,-1.183911958908472339e+00,-4.566191527732931021e+00,-4.299897904400522997e+00,-7.116529849641912264e+00,-9.181239463690913372e-01,2.482246047280824097e+00,1.925067423679800882e+00
3.200000000000000178e+00,-2.028571428571428470e-01,-1.200505394618069710e+00,-4.661025220218329324e+00,-4.389043388022796144e+00,-7.214121658105133506e+00,-9.574252660715731889e-01,2.482246047280824097e+00,1.938922716267315716e+00
3.200000000000000178e+00,-1.738095238095238582e-01,-1.217598304937278053e+00,-4.760318813285197237e+00,-4.482338653207198931e+00,-7.317021021989814855e+00,-9.984160030131120633e-01,2.482246047280824097e+00,1.953217457350485686e+00
3.200000000000000178e+00,-1.447619047619047583e-01,-1.235214363358611012e+00,-4.864409137021779017e+00,-4.580089929571482088e+00,-7.425557296935114238e+00,-1.041219251873687357e+00,2.482246047280824097e+00,1.967970794929880141e+00
3.200000000000000178e+00,-1.157142857142857695e-01,-1.253378795614275898e+00,-4.973669126882589886e+00,-4.682634778268155884e+00,-7.540096118255863011e+00,-1.085970814809223306e+00,2.482246047280824097e+00,1.983202767904340913e+00
3.200000000000000178e+00,-8.666666666666666963e-02,-1.272118510440984229e+00,-5.088513053371002570e+00,-4.790346234620423971e+00,-7.661043793751924902e+00,-1.132820922187358637e+00,2.482246047280824097e+00,1.998934334498216225e+00
3.200000000000000178e+00,-5.761904761904768080e-02,-1.291462244880974941e+00,-5.209402772258541425e+00,-4.903637628724302644e+00,-7.788852439041025200e+00,-1.181936247515797289e+00,2.482246047280824097e+00,2.015187399516527034e+00
3.200000000000000178e+00,-2.857142857142858094e-02,-1.311440723850267220e+00,-5.336855269060451157e+00,-5.022968217452470796e+00,-7.924025995251859911e+00,-1.233502279236071919e+00,2.482246047280824097e+00,2.031984840616368082e+00
3.200000000000000178e+00,4.761904761904078853e-04,-1.332086838277434016e+00,-5.471451883265352478e+00,-5.148849792188709529e+00,-8.067127301673410855e+00,-1.287726128890753774e+00,2.482246047280824097e+00,2.049350534283900238e+00
3.200000000000000178e+00,2.952380952380950774e-02,-1.353435841818279917e+00,-5.613849760823111268e+00,-5.281854465873224491e+00,-8.218786437337916695e+00,-1.344839877945426920e+00,2.482246047280824097e+00,2.067309383117809762e+00
3.200000000000000178e+00,5.857142857142860759e-02,-1.375525570309082957e+00,-5.764796359895622224e+00,-5.422623893056671029e+00,-8.379710598177812386e+00,-1.405104597171420444e+00,2.482246047280824541e+00,2.085887347670707381e+00
3.200000000000000178e+00,8.761904761904759642e-02,-1.398396685770092684e+00,-5.925148308300124178e+00,-5.571880241079503193e+00,-8.550695843921602091e+00,-1.468815217943123974e+00,2.482246047280824097e+00,2.105111489127802216e+00
3.200000000000000178e+00,1.166666666666665853e-01,-1.422092950046212945e+00,-6.095896787559507146e+00,-5.730439314000262740e+00,-8.732641136143028504e+00,-1.536306503157983006e+00,2.482246047280824097e+00,2.125010034814903914e+00
3.200000000000000178e+00,1.457142857142857961e-01,-1.446661530038316990e+00,-6.278203375138334152e+00,-5.899226339861194823e+00,-8.926565202520761133e+00,-1.607960474771732429e+00,2.482246047280824097e+00,2.145612489788688571e+00
3.200000000000000178e+00,1.747619047619047850e-01,-1.472153340347613915e+00,-6.473454130004117957e+00,-6.079295075339063104e+00,-9.133626911633545120e+00,-1.684215844653605076e+00,2.482246047280824097e+00,2.166949841377197927e+00
3.200000000000000178e+00,2.038095238095237738e-01,-1.498623429861480894e+00,-6.683349245655663573e+00,-6.271851072317187636e+00,-9.355150040422486768e+00,-1.765580363294522170e+00,2.482246047280824097e+00,2.189054957462185591e+00
3.200000000000000178e+00,2.328571428571427626e-01,-1.526131415622290488e+00,-6.910073075763483175e+00,-6.478280206222515325e+00,-9.592653581056906020e+00,-1.852647828176105627e+00,2.482246047280824097e+00,2.211963417875860038e+00
3.200000000000000178e+00,2.619047619047619735e-01,-1.554741975382561314e+00,-7.156687681001419499e+00,-6.700183911593287078e+00,-9.847889091463699174e+00,-1.946123774275983598e+00,2.482246047280824097e+00,2.235715441093407918e+00
3.200000000000000178e+00,2.909523809523809623e-01,-1.584525404151793992e+00,-7.428392454957301716e+00,-6.939423043243598599e+00,-1.012288708204918564e+01,-2.046872391180628359e+00,2.482246047280824097e+00,2.260361267809787300e+00
3.200000000000000178e+00,3.200000000000000067e-01,-1.615558248141876430e+00,-7.741039825761327542e+00,-7.198172935899366465e+00,-1.042001510566674227e+01,-2.156055464587702364e+00,2.482246047280824097e+00,2.285984645361298195e+00
